source_url,brand,model,generation,body_type,launch_year,price_min_inr,price_max_inr,price_min_lakh,price_max_lakh,fuel_type,transmission,engine_cc_min,engine_cc_max,power_bhp_min,power_bhp_max,torque_nm_min,torque_nm_max,mileage_kmpl,range_km,battery_kwh,seating_capacity,airbags,safety_rating,boot_space_litres,ground_clearance_mm,drive_type,n_variants,customer_rating,review_count,scraped_at,price_mid_lakh,engine_cc,power_bhp,torque_nm,fuel_primary,transmission_primary,price_segment,mileage_ice
https://www.cardekho.com/aston-martin/db12,Aston Martin,DB12,current,Coupe,2026.0,41000000.0,43500000.0,410.0,435.0,Petrol,Automatic,3982.0,3982.0,690.0,690.0,800.0,800.0,10.0,,,4.0,4.0,,,,Rear,2,4.3,14.0,2026-08-30T05:47:30+00:00,422.5,3982.0,690.0,800.0,Petrol,Automatic,Luxury (50L+),10.0
https://www.cardekho.com/aston-martin/dbx,Aston Martin,DBX,current,Suv,2026.0,41500000.0,41500000.0,415.0,415.0,Petrol,Automatic,3982.0,3982.0,542.0,542.0,700.0,700.0,8.0,,,5.0,10.0,,616.0,,All,1,4.5,10.0,2026-08-30T05:47:31+00:00,415.0,3982.0,542.0,700.0,Petrol,Automatic,Luxury (50L+),8.0
https://www.cardekho.com/aston-martin/vanquish,Aston Martin,Vanquish,current,Coupe,2026.0,64000000.0,69000000.0,640.0,690.0,Petrol,Automatic,5203.0,5203.0,824.0,824.0,1000.0,1000.0,,,,2.0,4.0,,,,,2,4.4,6.0,2026-08-30T05:47:32+00:00,665.0,5203.0,823.4600000000002,1000.0,Petrol,Automatic,Luxury (50L+),
https://www.cardekho.com/aston-martin/vantage,Aston Martin,Vantage,current,Coupe,2026.0,31500000.0,33500000.0,315.0,335.0,Petrol,Automatic,3998.0,3998.0,671.0,671.0,800.0,800.0,7.0,,,2.0,4.0,,346.0,,Rear,2,4.0,3.0,2026-08-30T05:47:33+00:00,325.0,3998.0,671.0,800.0,Petrol,Automatic,Luxury (50L+),7.0
https://www.cardekho.com/audi/a4,Audi,A4,current,Sedan,2023.0,4688000.0,5583000.0,46.88,55.83,Petrol,Automatic,1984.0,1984.0,207.0,207.0,320.0,320.0,15.0,,,5.0,8.0,,600.0,,Front,3,4.3,119.0,2026-08-30T05:47:35+00:00,51.355000000000004,1984.0,207.0,320.0,Petrol,Automatic,Luxury (50L+),15.0
https://www.cardekho.com/audi/q3,Audi,Q3,current,Suv,2023.0,4367000.0,5231001.0,43.67,52.31,Petrol,Automatic,1984.0,1984.0,187.74,187.74,320.0,320.0,10.14,,,5.0,6.0,,540.0,,All,3,4.3,85.0,2026-08-30T05:49:49+00:00,47.99,1984.0,187.74,320.0,Petrol,Automatic,Premium (25-50L),10.14
https://www.cardekho.com/audi/q3-sportback,Audi,Q3 Sportback,current,Suv,2023.0,5425001.0,5425001.0,54.25,54.25,Petrol,Automatic,1984.0,1984.0,187.74,187.74,320.0,320.0,10.14,,,5.0,6.0,,600.0,170.0,All,1,4.1,46.0,2026-08-30T05:49:51+00:00,54.25,1984.0,187.74,320.0,Petrol,Automatic,Luxury (50L+),10.14
https://www.cardekho.com/audi/q5,Audi,Q5,current,Suv,2023.0,6375000.0,6986000.0,63.75,69.86,Petrol,Automatic,1984.0,1984.0,245.59,245.59,370.0,370.0,13.47,,,5.0,8.0,,520.0,,All,2,4.2,60.0,2026-08-30T05:49:52+00:00,66.805,1984.0,245.59,370.0,Petrol,Automatic,Luxury (50L+),13.47
https://www.cardekho.com/audi/q7,Audi,Q7,current,Suv,2024.0,8716999.0,9615000.0,87.17,96.15,Petrol,Automatic,2995.0,2995.0,335.0,335.0,500.0,500.0,11.0,,,7.0,8.0,,,,All,2,4.7,10.0,2026-08-30T05:49:53+00:00,91.66,2995.0,335.0,500.0,Petrol,Automatic,Luxury (50L+),11.0
https://www.cardekho.com/audi/q8,Audi,Q8,current,Suv,2024.0,11310000.0,11310000.0,113.1,113.1,Petrol,Automatic,2995.0,2995.0,335.0,335.0,500.0,500.0,10.0,,,5.0,8.0,,605.0,,All,1,4.4,7.0,2026-08-30T05:49:56+00:00,113.1,2995.0,335.0,500.0,Petrol,Automatic,Luxury (50L+),10.0
https://www.cardekho.com/audi/rs-q8,Audi,RS Q8,current,Suv,2025.0,23383000.0,23383000.0,233.83,233.83,Petrol,Automatic,3998.0,3998.0,632.0,632.0,850.0,850.0,9.0,,,5.0,8.0,,,,All,1,4.7,4.0,2026-08-30T05:49:57+00:00,233.83,3998.0,632.0,850.0,Petrol,Automatic,Luxury (50L+),9.0
https://www.cardekho.com/audi/s5-sportback,Audi,S5 Sportback,current,Coupe,2023.0,7357000.0,7357000.0,73.57,73.57,Petrol,Automatic,2994.0,2994.0,348.66,348.66,500.0,500.0,8.8,,,5.0,10.0,,281.0,,All,1,4.5,6.0,2026-08-30T05:49:58+00:00,73.57,2994.0,348.66,500.0,Petrol,Automatic,Luxury (50L+),8.8
https://www.cardekho.com/bajaj/qute,Bajaj,Qute,current,Hatchback,2019.0,360609.0,360609.0,3.61,3.61,CNG,Manual,216.0,216.0,10.83,10.83,16.1,16.1,43.0,,,4.0,1.0,,20.0,,Rear,1,4.2,93.0,2026-08-30T05:50:01+00:00,4.3875,884.88,16.369899999999998,16.1,CNG,Manual,Entry (<8L),43.0
https://www.cardekho.com/bentley/bentayga,Bentley,Bentayga,current,Suv,2023.0,50032967.0,67502600.0,500.33,675.03,Petrol,Automatic,3956.0,3993.0,542.0,542.0,770.0,770.0,8.6,,,4.0,6.0,,632.0,,All,5,4.5,8.0,2026-08-30T05:50:03+00:00,587.68,3974.5,542.0,770.0,Petrol,Automatic,Luxury (50L+),8.6
https://www.cardekho.com/blinq/ryde,Blinq Mobility,RYDE,current,Hatchback,2026.0,450000.0,500000.0,4.5,5.0,Electric,Automatic,,,16.0,16.0,,,,250.0,18.0,5.0,1.0,,,,,2,4.8,1.0,2026-08-30T06:40:42+00:00,4.75,,16.369899999999998,,Electric,Automatic,Entry (<8L),
https://www.cardekho.com/bmw/2-series-2020-2025,BMW,2 Series 2020-2025,2-series-2020-2025,Sedan,2021.0,3200000.0,3200000.0,32.0,32.0,Petrol / Diesel,Automatic,1995.0,1998.0,187.74,189.08,280.0,400.0,18.64,,,5.0,6.0,,,,Front,0,4.3,119.0,2026-08-30T05:50:05+00:00,32.0,1996.5,188.41000000000003,340.0,Diesel,Automatic,Premium (25-50L),18.64
https://www.cardekho.com/bmw/2-series-gran-coupe,BMW,2 Series Gran Coupe,current,Coupe,2025.0,4580001.0,4820001.0,45.8,48.2,Petrol,Automatic,1499.0,1499.0,154.0,154.0,230.0,230.0,16.35,,,5.0,6.0,,,,Front,2,4.7,10.0,2026-08-30T05:50:07+00:00,47.0,1499.0,154.0,230.0,Petrol,Automatic,Premium (25-50L),16.35
https://www.cardekho.com/bmw/3-series,BMW,3 Series,current,Sedan,2023.0,7710000.0,7710000.0,77.1,77.1,Petrol,Automatic,2998.0,2998.0,368.78,368.78,500.0,500.0,13.02,,,5.0,6.0,,480.0,,Four,1,4.3,103.0,2026-08-30T05:50:08+00:00,77.1,2998.0,368.78,500.0,Petrol,Automatic,Luxury (50L+),13.02
https://www.cardekho.com/bmw/3-series-long-wheelbase,BMW,3 Series Long Wheelbase,current,Coupe,2025.0,6060000.0,6420001.0,60.6,64.2,"Petrol, Diesel",Automatic,1998.0,1998.0,258.0,258.0,400.0,400.0,19.61,,,5.0,8.0,,600.0,,Rear,4,4.3,71.0,2026-08-30T05:50:10+00:00,62.400000000000006,1998.0,258.0,400.0,Diesel,Automatic,Luxury (50L+),19.61
https://www.cardekho.com/bmw/5-series,BMW,5 Series,current,Sedan,2024.0,7660000.0,7660000.0,76.6,76.6,Petrol,Automatic,1998.0,1998.0,255.0,255.0,400.0,400.0,15.7,,,5.0,8.0,,,,Rear,1,4.5,44.0,2026-08-30T05:50:11+00:00,76.6,1998.0,255.0,400.0,Petrol,Automatic,Luxury (50L+),15.7
https://www.cardekho.com/bmw/7-series,BMW,7 Series,current,Sedan,2023.0,18300000.0,18300000.0,183.0,183.0,"Diesel, Petrol",Automatic,2993.0,2998.0,375.48,375.48,520.0,520.0,12.1,,,5.0,7.0,,500.0,,Rear,2,4.3,65.0,2026-08-30T05:50:14+00:00,183.0,2995.5,375.48,520.0,Diesel,Automatic,Luxury (50L+),12.1
https://www.cardekho.com/bmw/i4,BMW,i4,current,Sedan,2023.0,7250000.0,7750000.0,72.5,77.5,Electric,Automatic,,,335.25,335.25,,,,536.5,77.1,5.0,8.0,,,,Rear,2,4.2,58.0,2026-08-30T06:40:43+00:00,75.0,,335.25,,Electric,Automatic,Luxury (50L+),
https://www.cardekho.com/bmw/i5,BMW,i5,current,Sedan,2024.0,11950000.0,11950000.0,119.5,119.5,Electric,Automatic,,,592.73,592.73,,,,516.0,83.9,5.0,6.0,,,,All,1,4.8,4.0,2026-08-30T06:40:44+00:00,119.5,,592.73,,Electric,Automatic,Luxury (50L+),
https://www.cardekho.com/bmw/i7,BMW,i7,current,Sedan,2024.0,21000000.0,25800000.0,210.0,258.0,Electric,Automatic,,,536.4,536.4,,,,592.5,101.7,5.0,7.0,,,,All,2,4.4,104.0,2026-08-30T06:40:45+00:00,234.0,,536.4,,Electric,Automatic,Luxury (50L+),
https://www.cardekho.com/bmw/ix,BMW,iX,current,Suv,2024.0,13950000.0,13950000.0,139.5,139.5,Electric,Automatic,,,516.29,516.29,,,,575.0,111.5,5.0,8.0,,,202.0,All,1,4.2,70.0,2026-08-30T06:40:46+00:00,139.5,,516.29,,Electric,Automatic,Luxury (50L+),
https://www.cardekho.com/bmw/ix1,BMW,iX1,current,Suv,2025.0,5240000.0,5240000.0,52.4,52.4,Electric,Automatic,,,204.0,204.0,,,,531.0,66.4,5.0,8.0,,,,Front,1,4.6,26.0,2026-08-30T06:40:47+00:00,52.4,,204.0,,Electric,Automatic,Luxury (50L+),
https://www.cardekho.com/bmw/m2,BMW,M2,current,Coupe,2024.0,10650000.0,16600000.0,106.5,166.0,Petrol,"Manual, Automatic",2993.0,2993.0,473.0,473.0,600.0,600.0,10.19,,,4.0,6.0,,390.0,,Rear,3,4.5,22.0,2026-08-30T05:50:28+00:00,136.25,2993.0,473.0,600.0,Petrol,Both,Luxury (50L+),10.19
https://www.cardekho.com/bmw/m4-competition,BMW,M4 Competition,current,Coupe,2024.0,16050000.0,16050000.0,160.5,160.5,Petrol,Automatic,2993.0,2993.0,503.0,503.0,650.0,650.0,9.7,,,4.0,6.0,,440.0,,All,1,4.6,34.0,2026-08-30T05:50:29+00:00,160.5,2993.0,503.0,650.0,Petrol,Automatic,Luxury (50L+),9.7
https://www.cardekho.com/bmw/m4-competition-2022-2024,BMW,M4 Competition 2022-2024,m4-competition-2022-2024,Coupe,2023.0,14800000.0,14800000.0,148.0,148.0,,Automatic,2993.0,2993.0,502.88,502.88,650.0,650.0,,,,5.0,,,,,All,0,4.2,50.0,2026-08-30T05:50:30+00:00,148.0,2993.0,502.88,650.0,,Automatic,Luxury (50L+),
https://www.cardekho.com/bmw/m4-cs,BMW,M4 CS,current,Sedan,2024.0,17880000.0,17880000.0,178.8,178.8,Petrol,Automatic,2993.0,2993.0,543.0,543.0,650.0,650.0,9.7,,,4.0,6.0,,,,All,1,4.7,25.0,2026-08-30T05:50:31+00:00,178.8,2993.0,543.0,650.0,Petrol,Automatic,Luxury (50L+),9.7
https://www.cardekho.com/bmw/m440i,BMW,M440i,current,Convertible,2026.0,10900000.0,10900000.0,109.0,109.0,Petrol,Automatic,2998.0,2998.0,369.0,369.0,500.0,500.0,,,,4.0,6.0,,385.0,,All,1,4.5,1.0,2026-08-30T05:50:32+00:00,109.0,2998.0,369.0,500.0,Petrol,Automatic,Luxury (50L+),
https://www.cardekho.com/bmw/m5,BMW,M5,current,Sedan,2024.0,21150000.0,21150000.0,211.5,211.5,Petrol,Automatic,4395.0,4395.0,717.0,717.0,1000.0,1000.0,43.53999999999989,,,5.0,7.0,,,,All,1,4.7,125.0,2026-08-30T05:50:34+00:00,211.5,4395.0,717.0,1000.0,Petrol,Automatic,Luxury (50L+),49.75
https://www.cardekho.com/bmw/m8-coupe-competition,BMW,M8 Coupe Competition,current,Coupe,2023.0,23840000.0,23840000.0,238.4,238.4,Petrol,Automatic,4395.0,4395.0,616.87,616.87,750.0,750.0,8.7,,,5.0,6.0,,,,All,1,4.4,83.0,2026-08-30T05:50:37+00:00,238.4,4395.0,616.87,750.0,Petrol,Automatic,Luxury (50L+),8.7
https://www.cardekho.com/bmw/x1,BMW,X1,current,Suv,2023.0,5090000.0,5090000.0,50.9,50.9,Petrol,Automatic,1499.0,1499.0,134.1,134.1,230.0,230.0,16.35,,,5.0,6.0,,460.0,,Front,1,4.5,143.0,2026-08-30T05:50:38+00:00,50.9,1499.0,134.1,230.0,Petrol,Automatic,Luxury (50L+),16.35
https://www.cardekho.com/bmw/x1-lwb,BMW,X1 LWB,current,Suv,2026.0,4990000.0,4990000.0,49.9,49.9,Petrol,Automatic,1499.0,1499.0,154.21,154.21,230.0,230.0,15.5,,,5.0,8.0,,460.0,,Front,1,5.0,1.0,2026-08-30T05:50:40+00:00,49.9,1499.0,154.21,230.0,Petrol,Automatic,Premium (25-50L),15.5
https://www.cardekho.com/bmw/x3,BMW,X3,current,Suv,2025.0,6990000.0,7600000.0,69.9,76.0,"Petrol, Diesel",Automatic,1995.0,1998.0,187.0,194.0,310.0,400.0,17.86,,,5.0,6.0,,,,All,3,4.3,9.0,2026-08-30T05:50:41+00:00,72.95,1996.5,190.5,355.0,Diesel,Automatic,Luxury (50L+),17.86
https://www.cardekho.com/bmw/x3-2022-2025,BMW,X3 2022-2025,x3-2022-2025,Suv,2023.0,6190000.0,6190000.0,61.9,61.9,Diesel / Petrol,Automatic,1995.0,2998.0,187.74,355.37,350.0,500.0,16.55,,,5.0,6.0,,,,Four,0,4.2,73.0,2026-08-30T05:50:42+00:00,61.9,2496.5,271.555,425.0,Diesel,Automatic,Luxury (50L+),16.55
https://www.cardekho.com/bmw/x4,BMW,X4,current,Suv,2023.0,9620000.0,9620000.0,96.2,96.2,,,2993.0,2993.0,355.37,355.37,500.0,500.0,8.0,,,5.0,6.0,,,,All,0,4.7,5.0,2026-08-30T05:50:44+00:00,96.2,2993.0,355.37,500.0,,,Luxury (50L+),
https://www.cardekho.com/bmw/x5,BMW,X5,current,Suv,2023.0,9690000.0,11190000.0,96.9,111.9,"Diesel, Petrol",Automatic,2993.0,2998.0,281.68,375.48,520.0,650.0,12.0,,,5.0,6.0,,647.0,,Four,4,4.3,57.0,2026-08-30T05:50:45+00:00,104.4,2995.5,328.58000000000004,585.0,Diesel,Automatic,Luxury (50L+),12.0
https://www.cardekho.com/bmw/x7,BMW,X7,current,Suv,2023.0,12581000.0,13710000.0,125.81,137.1,"Diesel, Petrol",Automatic,2993.0,2998.0,335.25,375.48,520.0,700.0,14.31,,,6.0,9.0,,,,Four,4,4.4,115.0,2026-08-30T05:50:46+00:00,131.45499999999998,2995.5,355.365,610.0,Diesel,Automatic,Luxury (50L+),14.31
https://www.cardekho.com/bmw/xm,BMW,XM,current,Suv,2023.0,25455000.0,25455000.0,254.55,254.55,Petrol,Automatic,4395.0,4395.0,643.69,643.69,800.0,800.0,43.53999999999989,,,5.0,6.0,,,,Four,1,4.5,114.0,2026-08-30T05:50:48+00:00,254.55,4395.0,643.69,800.0,Petrol,Automatic,Luxury (50L+),61.9
https://www.cardekho.com/bmw/z4,BMW,Z4,current,Convertible,2023.0,9050000.0,9520000.0,90.5,95.2,Petrol,"Manual, Automatic",2998.0,2998.0,335.0,335.0,500.0,500.0,,,,2.0,4.0,,250.0,,Rear,3,4.4,123.0,2026-08-30T05:50:49+00:00,92.85,2998.0,335.0,500.0,Petrol,Both,Luxury (50L+),
https://www.cardekho.com/byd/atto-3,BYD,Atto 3,current,Suv,2024.0,2499000.0,3449000.0,24.99,34.49,Electric,Automatic,,,201.0,201.0,,,,494.5,55.2,5.0,7.0,,440.0,,Front,3,4.2,108.0,2026-08-30T06:40:48+00:00,29.740000000000002,,201.0,,Electric,Automatic,Premium (25-50L),
https://www.cardekho.com/byd/emax-7,BYD,eMAX 7,current,Muv,2026.0,2690000.0,2990000.0,26.9,29.9,Electric,Automatic,,,161.0,161.0,310.0,310.0,,475.0,63.6,6.0,6.0,,180.0,170.0,Front,6,4.7,10.0,2026-08-30T06:40:49+00:00,28.4,,161.0,310.0,Electric,Automatic,Premium (25-50L),
https://www.cardekho.com/byd/seal,BYD,Seal,current,Sedan,2024.0,4150000.0,5365000.0,41.5,53.65,Electric,Automatic,,,201.15,201.15,,,,580.0,72.0,5.0,9.0,,400.0,,Rear,3,4.4,45.0,2026-08-30T06:40:50+00:00,47.575,,201.15,,Electric,Automatic,Premium (25-50L),
https://www.cardekho.com/byd/sealion-7,BYD,Sealion 7,current,Suv,2026.0,4190000.0,5590000.0,41.9,55.9,Electric,Automatic,,,312.0,312.0,380.0,380.0,,543.5,77.2,5.0,11.0,,,,Rear,5,4.7,10.0,2026-08-30T06:40:51+00:00,48.9,,312.0,380.0,Electric,Automatic,Premium (25-50L),
https://www.cardekho.com/chevrolet/tavera-2012-2017,Chevrolet,Tavera 2012-2017,tavera-2012-2017,Muv,2006.0,722000.0,722000.0,7.22,7.22,,Manual,1994.0,2499.0,72.4,105.3,171.0,263.7,14.8,,,7.0,,,,,Front,0,4.0,4.0,2026-08-30T05:50:58+00:00,7.22,2246.5,88.85,217.35,,Manual,Entry (<8L),
https://www.cardekho.com/citroen/aircross,Citroen,Aircross,current,Suv,2026.0,889000.0,1471600.0,8.89,14.72,Petrol,"Manual, Automatic",1199.0,1199.0,81.0,81.0,115.0,115.0,18.5,,,5.0,6.0,5-star NCAP,364.0,200.0,Front,12,4.4,156.0,2026-08-30T05:50:59+00:00,11.805,1199.0,81.0,115.0,Petrol,Both,Mass (8-15L),18.5
https://www.cardekho.com/citroen/basalt,Citroen,Basalt,current,Suv,2025.0,855000.0,1410500.0,8.55,14.11,Petrol,"Manual, Automatic",1199.0,1199.0,109.0,109.0,190.0,190.0,19.5,,,5.0,6.0,,622.0,,Front,12,4.5,43.0,2026-08-30T05:51:00+00:00,11.33,1199.0,109.0,190.0,Petrol,Both,Mass (8-15L),19.5
https://www.cardekho.com/citroen/c3,Citroen,C3,current,Hatchback,2023.0,499000.0,1020801.0,4.99,10.21,"Petrol, CNG","Manual, Automatic",1198.0,1199.0,80.46,108.62,115.0,190.0,28.1,,,5.0,2.0,,366.0,180.0,Front,20,4.3,332.0,2026-08-30T05:51:02+00:00,7.6000000000000005,1198.5,94.53999999999999,152.5,CNG,Both,Entry (<8L),28.1
https://www.cardekho.com/citroen/c5-aircross,Citroen,C5 Aircross,current,Suv,2023.0,3732400.0,3732400.0,37.32,37.32,Diesel,Automatic,1997.0,1997.0,174.33,174.33,400.0,400.0,17.5,,,5.0,6.0,,580.0,,Front,2,4.2,86.0,2026-08-30T05:51:03+00:00,37.32,1997.0,174.33,400.0,Diesel,Automatic,Premium (25-50L),17.5
https://www.cardekho.com/citroen/c5-aircross-2021-2022,Citroen,C5 Aircross 2021-2022,c5-aircross-2021-2022,Suv,2021.0,3224000.0,3224000.0,32.24,32.24,Diesel,8-speed automatic,1997.0,1997.0,174.33,174.33,400.0,400.0,18.6,,,5.0,6.0,,,230.0,,0,4.0,58.0,2026-08-30T05:51:06+00:00,32.24,1997.0,174.33,400.0,Diesel,Automatic,Premium (25-50L),18.6
https://www.cardekho.com/citroen/ec3,Citroen,eC3,current,Hatchback,2023.0,1199000.0,1326300.0,11.99,13.26,Electric,Automatic,,,57.0,57.0,143.0,143.0,,325.0,29.2,5.0,4.0,,315.0,180.0,Front,3,4.2,88.0,2026-08-30T06:40:52+00:00,12.625,,57.0,143.0,Electric,Automatic,Mass (8-15L),
https://www.cardekho.com/ferrari/296-gtb,Ferrari,296 GTB,current,Coupe,2022.0,54000000.0,54000000.0,540.0,540.0,Petrol,Automatic,2992.0,2992.0,818.0,818.0,740.0,740.0,15.62,,,2.0,4.0,,,,Rear,1,4.7,9.0,2026-08-30T05:51:10+00:00,540.0,2992.0,818.0,740.0,Petrol,Automatic,Luxury (50L+),15.62
https://www.cardekho.com/ferrari/812,Ferrari,812,current,Convertible,2020.0,57500001.0,57500001.0,575.0,575.0,Petrol,Automatic,6496.0,6496.0,788.52,788.52,718.0,718.0,5.5,,,2.0,6.0,,484.0,,Rear,1,4.6,18.0,2026-08-30T05:51:11+00:00,575.0,6496.0,788.52,718.0,Petrol,Automatic,Luxury (50L+),5.5
https://www.cardekho.com/ferrari/849-testarossa,Ferrari,849 Testarossa,current,Coupe,2026.0,103700000.0,103700000.0,1037.0,1037.0,Petrol,Automatic,3990.0,3990.0,1035.0,1035.0,842.0,842.0,,,,2.0,6.0,,,,,1,4.2,3.0,2026-08-30T05:51:13+00:00,875.0999999999968,3990.0,823.4600000000002,842.0,Petrol,Automatic,Luxury (50L+),
https://www.cardekho.com/ferrari/amalfi,Ferrari,Amalfi,current,Luxury,2026.0,55900000.0,55900000.0,559.0,559.0,Petrol,Automatic,3902.0,3902.0,631.24,631.24,760.0,760.0,,,,2.0,,,,,,1,4.0,1.0,2026-08-30T05:51:14+00:00,559.0,3902.0,631.24,760.0,Petrol,Automatic,Luxury (50L+),
https://www.cardekho.com/ferrari/f8-tributo,Ferrari,F8 Tributo,current,Coupe,2020.0,40200001.0,40200001.0,402.0,402.0,Petrol,Automatic,3902.0,3902.0,710.74,710.74,770.0,770.0,5.8,,,2.0,4.0,,150.0,,Rear,1,4.4,16.0,2026-08-30T05:51:16+00:00,402.0,3902.0,710.74,770.0,Petrol,Automatic,Luxury (50L+),5.8
https://www.cardekho.com/ferrari/roma,Ferrari,Roma,current,Coupe,2020.0,37600001.0,37600001.0,376.0,376.0,Petrol,Automatic,3855.0,3855.0,611.5,611.5,760.0,760.0,6.0,,,2.0,6.0,,616.0,,Rear,1,4.6,10.0,2026-08-30T05:51:18+00:00,376.0,3855.0,611.5,760.0,Petrol,Automatic,Luxury (50L+),6.0
https://www.cardekho.com/ferrari/sf90-stradale,Ferrari,SF90 Stradale,current,Coupe,2020.0,75000001.0,75000001.0,750.0,750.0,Petrol,Automatic,3990.0,3990.0,769.31,769.31,800.0,800.0,18.0,,,2.0,6.0,,74.0,,All,1,4.5,29.0,2026-08-30T05:51:20+00:00,750.0,3990.0,769.31,800.0,Petrol,Automatic,Luxury (50L+),18.0
https://www.cardekho.com/fiat/avventura-urban-cross,Fiat,Avventura Urban Cross,current,Hatchback,2016.0,678000.0,678000.0,6.78,6.78,Diesel / Petrol,Manual,1248.0,1368.0,91.72,140.0,209.0,210.0,20.5,,,5.0,,,,,Front,0,5.0,1.0,2026-08-30T05:51:21+00:00,6.78,1308.0,115.86,209.5,Diesel,Manual,Entry (<8L),20.5
https://www.cardekho.com/fiat/punto,Fiat,Punto,current,Hatchback,2009.0,493000.0,493000.0,4.93,4.93,Petrol / Diesel,Manual,1172.0,1368.0,67.0,91.7,96.0,209.0,20.3,,,5.0,,,,,Front,0,4.0,6.0,2026-08-30T05:51:22+00:00,4.93,1270.0,79.35,152.5,Diesel,Manual,Entry (<8L),20.3
https://www.cardekho.com/force/gurkha-5-door,Force,Gurkha 5 Door,current,Suv,2024.0,1762594.0,1762594.0,17.63,17.63,Diesel,Manual,2596.0,2596.0,138.08,138.08,320.0,320.0,9.5,,,7.0,2.0,,,233.0,Four,1,4.3,31.0,2026-08-30T05:51:24+00:00,17.63,2596.0,138.08,320.0,Diesel,Manual,Mid (15-25L),9.5
https://www.cardekho.com/honda/amaze,Honda,Amaze,current,Sedan,2024.0,765400.0,999900.0,7.65,10.0,Petrol,"Manual, Automatic",1199.0,1199.0,89.0,89.0,110.0,110.0,19.46,,,5.0,6.0,5-star NCAP,382.0,,Front,6,4.5,112.0,2026-08-30T05:51:26+00:00,8.825,1199.0,89.0,110.0,Petrol,Both,Mass (8-15L),19.46
https://www.cardekho.com/honda/amaze-2nd-gen,Honda,Amaze 2nd Gen,current,Sedan,2023.0,599000.0,779800.0,5.99,7.8,Petrol,"Manual, Automatic",1199.0,1199.0,88.5,88.5,110.0,110.0,18.6,,,5.0,2.0,,382.0,,Front,2,4.3,338.0,2026-08-30T05:51:28+00:00,6.895,1199.0,88.5,110.0,Petrol,Both,Entry (<8L),18.6
https://www.cardekho.com/honda/city,Honda,City,current,Sedan,2026.0,1199900.0,2135800.0,12.0,21.36,Petrol,"Manual, Automatic",1498.0,1498.0,119.35,119.35,145.0,145.0,27.26,,,5.0,6.0,,528.0,,Front,8,4.7,11.0,2026-08-30T05:51:30+00:00,16.68,1498.0,119.35,145.0,Petrol,Both,Mid (15-25L),27.26
https://www.cardekho.com/honda/city-2023-2026,Honda,City 2023-2026,city-2023-2026,Sedan,2024.0,1195000.0,1195000.0,11.95,11.95,Petrol,"6MT, CVT",1498.0,1498.0,119.35,119.35,145.0,145.0,18.4,,,5.0,6.0,,506.0,,Front,0,4.3,210.0,2026-08-30T05:51:32+00:00,11.95,1498.0,119.35,145.0,Petrol,6Mt,Mass (8-15L),18.4
https://www.cardekho.com/honda/city-hybrid,Honda,City Hybrid,current,Sedan,2023.0,1900000.0,1900000.0,19.0,19.0,Petrol,e-CVT,1498.0,1498.0,96.55,96.55,127.0,127.0,27.13,,,5.0,2.0,,506.0,,Front,0,4.2,71.0,2026-08-30T05:51:33+00:00,19.0,1498.0,96.55,127.0,Petrol,E-Cvt,Mid (15-25L),27.13
https://www.cardekho.com/honda/elevate,Honda,Elevate,current,Suv,2025.0,1180700.0,1697600.0,11.81,16.98,Petrol,"Manual, Automatic",1498.0,1498.0,119.0,119.0,145.0,145.0,16.92,,,5.0,6.0,,458.0,,Front,13,4.4,528.0,2026-08-30T05:51:35+00:00,14.395,1498.0,119.0,145.0,Petrol,Both,Mass (8-15L),16.92
https://www.cardekho.com/honda/jazz,Honda,Jazz,current,Hatchback,2020.0,801000.0,801000.0,8.01,8.01,Petrol,Manual / Automatic,1199.0,1199.0,88.5,88.5,110.0,110.0,17.1,,,5.0,2.0,,,,,0,4.3,54.0,2026-08-30T05:51:36+00:00,8.01,1199.0,88.5,110.0,Petrol,Both,Mass (8-15L),17.1
https://www.cardekho.com/honda/wr-v-2020-2023,Honda,WR-V 2020-2023,wr-v-2020-2023,Suv,2020.0,911000.0,911000.0,9.11,9.11,,,1199.0,1498.0,88.5,97.89,110.0,200.0,23.7,,,5.0,2.0,,363.0,,Front,0,4.1,117.0,2026-08-30T05:51:37+00:00,9.11,1348.5,93.195,155.0,,,Mass (8-15L),
https://www.cardekho.com/honda/zr-v,Honda,ZR-V,current,Suv,2026.0,4799000.0,4799000.0,47.99,47.99,Petrol,Automatic,1993.0,1993.0,181.0,181.0,315.0,315.0,22.8,,,5.0,8.0,,,,,1,5.0,2.0,2026-08-30T05:51:42+00:00,47.99,1993.0,181.0,315.0,Petrol,Automatic,Premium (25-50L),22.8
https://www.cardekho.com/hyundai/alcazar,Hyundai,Alcazar,current,Suv,2025.0,1450700.0,2127800.0,14.51,21.28,"Diesel, Petrol","Manual, Automatic",1482.0,1493.0,114.0,158.0,250.0,253.0,20.4,,,7.0,6.0,,180.0,,Front,29,4.5,102.0,2026-08-30T05:51:43+00:00,17.895,1487.5,136.0,251.5,Diesel,Both,Mid (15-25L),20.4
https://www.cardekho.com/hyundai/aura,Hyundai,Aura,current,Sedan,2023.0,599990.0,859700.0,6.0,8.6,"Petrol, CNG","Manual, Automatic",1197.0,1197.0,82.0,82.0,113.8,113.8,22.0,,,5.0,6.0,,402.0,,Front,11,4.4,228.0,2026-08-30T05:51:45+00:00,7.3,1197.0,82.0,113.8,CNG,Both,Entry (<8L),22.0
https://www.cardekho.com/hyundai/creta-electric,Hyundai,Creta Electric,current,Suv,2025.0,1802800.0,2470100.0,18.03,24.7,Electric,Automatic,,,133.0,133.0,200.0,200.0,,450.0,46.7,5.0,6.0,,433.0,,Front,25,4.8,29.0,2026-08-30T06:40:53+00:00,21.365000000000002,,133.0,200.0,Electric,Automatic,Mid (15-25L),
https://www.cardekho.com/hyundai/i20,Hyundai,i20,current,Hatchback,2026.0,599700.0,1048200.0,6.0,10.48,Petrol,"Manual, Automatic",1197.0,1197.0,82.0,82.0,114.7,114.7,20.0,,,5.0,6.0,,318.0,,Front,16,4.5,182.0,2026-08-30T05:54:06+00:00,8.24,1197.0,82.0,114.7,Petrol,Both,Mass (8-15L),20.0
https://www.cardekho.com/hyundai/i20-n-line,Hyundai,i20 N-Line,current,Hatchback,2023.0,927200.0,1173700.0,9.27,11.74,Petrol,"Manual, Automatic",998.0,998.0,118.0,118.0,172.0,172.0,20.0,,,5.0,6.0,,242.0,,Front,8,4.5,32.0,2026-08-30T05:54:07+00:00,10.504999999999999,998.0,118.0,172.0,Petrol,Both,Mass (8-15L),20.0
https://www.cardekho.com/hyundai/ioniq-5,Hyundai,IONIQ 5,current,Suv,2026.0,5570000.0,5570000.0,55.7,55.7,Electric,Automatic,,,229.0,229.0,,,,690.0,84.0,5.0,6.0,,,,Rear,1,5.0,1.0,2026-08-30T06:40:54+00:00,55.7,,229.0,,Electric,Automatic,Luxury (50L+),
https://www.cardekho.com/hyundai/ioniq-5-2023-2026,Hyundai,IONIQ 5 2023-2026,ioniq-5-2023-2026,Suv,2023.0,4605000.0,4605000.0,46.05,46.05,,Automatic,,,217.0,217.0,350.0,350.0,,,,5.0,6.0,,584.0,,Rear,0,4.2,85.0,2026-08-30T05:54:12+00:00,46.05,,217.0,350.0,,Automatic,Premium (25-50L),
https://www.cardekho.com/hyundai/prime-hb,Hyundai,Prime HB,current,Hatchback,2025.0,599900.0,599900.0,6.0,6.0,CNG,Manual,1197.0,1197.0,67.72,67.72,95.2,95.2,,,,5.0,6.0,,,,Front,1,4.8,2.0,2026-08-30T05:54:16+00:00,6.0,1197.0,67.72,95.2,CNG,Manual,Entry (<8L),
https://www.cardekho.com/hyundai/prime-sd,Hyundai,Prime SD,current,Sedan,2025.0,695600.0,695600.0,6.96,6.96,CNG,Manual,1197.0,1197.0,67.72,67.72,95.2,95.2,,,,5.0,6.0,,,,Front,1,4.5,6.0,2026-08-30T05:54:17+00:00,6.96,1197.0,67.72,95.2,CNG,Manual,Entry (<8L),
https://www.cardekho.com/hyundai/tucson,Hyundai,Tucson,current,Suv,2023.0,2732000.0,2732000.0,27.32,27.32,,6-speed AT,1997.0,1999.0,153.81,183.72,192.0,416.0,18.0,,,5.0,6.0,,,,Front,0,4.2,80.0,2026-08-30T05:54:18+00:00,27.32,1998.0,168.765,304.0,,6-Speed At,Premium (25-50L),
https://www.cardekho.com/hyundai/venue,Hyundai,Venue,current,Suv,2025.0,799900.0,1582700.0,8.0,15.83,"Petrol, Diesel","Manual, Automatic",998.0,1493.0,82.0,118.0,114.7,250.0,20.99,,,5.0,6.0,5-star NCAP,375.0,,Front,34,4.6,93.0,2026-08-30T05:54:20+00:00,11.915,1245.5,100.0,182.35,Diesel,Both,Mass (8-15L),20.99
https://www.cardekho.com/hyundai/venue-2022-2025,Hyundai,Venue 2022-2025,venue-2022-2025,Suv,2023.0,729000.0,729000.0,7.29,7.29,17.0 kmpl,5-speed MT,998.0,1493.0,82.0,118.0,113.8,250.0,24.2,,,5.0,6.0,,,,Front,0,4.4,463.0,2026-08-30T05:54:21+00:00,7.29,1245.5,100.0,181.9,,5-Speed Mt,Entry (<8L),
https://www.cardekho.com/hyundai/venue-n-line,Hyundai,Venue N Line,current,Suv,2025.0,1066100.0,1566700.0,10.66,15.67,Petrol,"Manual, Automatic",998.0,998.0,118.41,118.41,172.0,172.0,20.0,,,5.0,6.0,,375.0,,Front,6,4.9,6.0,2026-08-30T05:54:23+00:00,13.165,998.0,118.41,172.0,Petrol,Both,Mass (8-15L),20.0
https://www.cardekho.com/hyundai/verna,Hyundai,Verna,current,Sedan,2026.0,1099200.0,1841200.0,10.99,18.41,Petrol,"Manual, Automatic",1482.0,1497.0,113.18,157.57,143.8,253.0,,,,5.0,6.0,,528.0,,Front,22,4.6,22.0,2026-08-30T05:54:25+00:00,14.7,1489.5,135.375,198.4,Petrol,Both,Mass (8-15L),
https://www.cardekho.com/hyundai/verna-2023-2026,Hyundai,Verna 2023-2026,verna-2023-2026,Sedan,2023.0,1079000.0,1079000.0,10.79,10.79,Petrol,6-speed manual | CVT,1482.0,1497.0,113.18,157.57,143.8,253.0,20.6,,,5.0,6.0,,,,Front,0,4.6,576.0,2026-08-30T05:54:26+00:00,10.79,1489.5,135.375,198.4,Petrol,Manual,Mass (8-15L),20.6
https://www.cardekho.com/isuzu/mu-x,Isuzu,MU-X,current,Suv,2023.0,3453240.0,3770580.0,34.53,37.71,Diesel,Automatic,1898.0,1898.0,160.92,160.92,360.0,360.0,13.0,,,7.0,6.0,,878.0,230.0,Rear,2,4.2,50.0,2026-08-30T05:54:30+00:00,36.120000000000005,1898.0,160.92,360.0,Diesel,Automatic,Premium (25-50L),13.0
https://www.cardekho.com/isuzu/s-cab-z,Isuzu,S-CAB Z,current,Suv,2023.0,1589510.0,1589510.0,15.9,15.9,Diesel,Manual,2499.0,2499.0,77.77,77.77,176.0,176.0,,,,5.0,2.0,,,,Rear,1,4.8,14.0,2026-08-30T05:54:33+00:00,15.9,2499.0,77.77,176.0,Diesel,Manual,Mid (15-25L),
https://www.cardekho.com/jaguar/f-pace,Jaguar,F-Pace,current,Suv,2023.0,7290000.0,7290000.0,72.9,72.9,"Petrol, Diesel",Automatic,1997.0,1997.0,246.74,246.74,365.0,365.0,10.2,,,5.0,6.0,,673.0,,All,2,4.3,95.0,2026-08-30T05:54:35+00:00,72.9,1997.0,246.74,365.0,Diesel,Automatic,Luxury (50L+),10.2
https://www.cardekho.com/jeep/compass,Jeep,Compass,current,Suv,2023.0,1799000.0,3095000.0,17.99,30.95,Diesel,"Manual, Automatic",1956.0,1956.0,168.0,168.0,350.0,350.0,17.1,,,5.0,6.0,,438.0,178.0,Front,14,4.2,269.0,2026-08-30T05:54:37+00:00,24.47,1956.0,168.0,350.0,Diesel,Both,Mid (15-25L),17.1
https://www.cardekho.com/jeep/compass-2017-2021,Jeep,Compass 2017-2021,compass-2017-2021,Suv,2017.0,1560000.0,1560000.0,15.6,15.6,16.0kmpl,Manual,1368.0,1956.0,160.0,170.0,250.0,350.0,17.1,,,5.0,2.0,,,178.0,All,0,4.3,303.0,2026-08-30T05:54:39+00:00,15.6,1662.0,165.0,300.0,,Manual,Mid (15-25L),
https://www.cardekho.com/jeep/compass-trailhawk,Jeep,Compass Trailhawk,current,Suv,2022.0,3267000.0,3267000.0,32.67,32.67,Diesel,,1998.0,1998.0,167.67,167.67,350.0,350.0,,,,5.0,,,,,,0,4.1,27.0,2026-08-30T05:54:40+00:00,32.67,1998.0,167.67,350.0,Diesel,,Premium (25-50L),
https://www.cardekho.com/jeep/grand-cherokee,Jeep,Grand Cherokee,current,Suv,2023.0,6300000.0,6300000.0,63.0,63.0,Petrol,Automatic,1995.0,1995.0,268.27,268.27,400.0,400.0,7.2,,,5.0,8.0,,,,Four,1,4.5,29.0,2026-08-30T05:54:41+00:00,63.0,1995.0,268.27,400.0,Petrol,Automatic,Luxury (50L+),7.2
https://www.cardekho.com/jeep/grand-cherokee-2016-2020,Jeep,Grand Cherokee 2016-2020,grand-cherokee-2016-2020,Suv,2017.0,7515000.000000001,7515000.000000001,75.15,75.15,,,2998.0,6417.0,239.6,461.59,347.0,624.0,12.8,,,5.0,7.0,,,252.0,Four,0,4.6,9.0,2026-08-30T05:54:42+00:00,75.15,4707.5,350.59499999999997,485.5,,,Luxury (50L+),
https://www.cardekho.com/jeep/meridian,Jeep,Meridian,current,Suv,2023.0,2333000.0,3826000.0,23.33,38.26,Diesel,"Manual, Automatic",1956.0,1956.0,168.0,168.0,350.0,350.0,14.1,,,7.0,6.0,,,214.0,Front,13,4.3,168.0,2026-08-30T05:54:44+00:00,30.794999999999998,1956.0,168.0,350.0,Diesel,Both,Premium (25-50L),14.1
https://www.cardekho.com/jeep/trailhawk-2019-2021,Jeep,Trailhawk 2019-2021,trailhawk-2019-2021,Suv,2019.0,2680000.0,2680000.0,26.8,26.8,Diesel,,1956.0,1956.0,170.0,170.0,350.0,350.0,16.3,,,5.0,,,,,,0,4.4,14.0,2026-08-30T05:54:45+00:00,26.8,1956.0,170.0,350.0,Diesel,,Premium (25-50L),16.3
https://www.cardekho.com/jeep/wrangler,Jeep,Wrangler,current,Suv,2024.0,6620000.0,7080000.0,66.2,70.8,Petrol,Automatic,1995.0,1995.0,268.2,268.2,400.0,400.0,11.4,,,5.0,6.0,,,,Four,3,4.7,23.0,2026-08-30T05:54:47+00:00,68.5,1995.0,268.2,400.0,Petrol,Automatic,Luxury (50L+),11.4
https://www.cardekho.com/jeep/wrangler-2023-2024,Jeep,Wrangler 2023-2024,wrangler-2023-2024,Suv,2023.0,5905000.0,5905000.0,59.05,59.05,Petrol,Automatic,1998.0,1998.0,265.3,265.3,400.0,400.0,,,,5.0,4.0,,,,Four,0,4.3,85.0,2026-08-30T05:54:48+00:00,59.05,1998.0,265.3,400.0,Petrol,Automatic,Luxury (50L+),
https://www.cardekho.com/kia/carens,Kia,Carens,current,Muv,2024.0,1101900.0,1287900.0,11.02,12.88,"Petrol, CNG, Diesel",Manual,1493.0,1497.0,113.42,114.41,144.0,250.0,,,,7.0,6.0,,209.0,,Front,3,4.4,521.0,2026-08-30T05:54:49+00:00,11.95,1495.0,113.91499999999999,197.0,CNG,Manual,Mass (8-15L),
https://www.cardekho.com/kia/carens-clavis,Kia,Carens Clavis,current,Suv,2026.0,1122700.0,2166899.0,11.23,21.67,"Petrol, Diesel","Manual, Automatic",1482.0,1497.0,113.0,157.57,143.8,253.0,19.54,,,7.0,6.0,,216.0,,Front,37,4.6,49.0,2026-08-30T05:54:51+00:00,16.450000000000003,1489.5,135.285,198.4,Diesel,Both,Mid (15-25L),19.54
https://www.cardekho.com/kia/carens-clavis-ev,Kia,Carens Clavis EV,current,Muv,2025.0,1803900.0,2499900.0,18.04,25.0,Electric,Automatic,,,133.0,133.0,,,,447.0,46.7,7.0,6.0,,,200.0,Front,17,4.6,12.0,2026-08-30T06:40:55+00:00,21.52,,133.0,,Electric,Automatic,Mid (15-25L),
https://www.cardekho.com/kia/carnival,Kia,Carnival,current,Muv,2024.0,5964900.0,5964900.0,59.65,59.65,Diesel,Automatic,2151.0,2151.0,190.0,190.0,441.0,441.0,14.85,,,7.0,8.0,,,,Front,1,4.6,82.0,2026-08-30T05:54:54+00:00,59.65,2151.0,190.0,441.0,Diesel,Automatic,Luxury (50L+),14.85
https://www.cardekho.com/kia/carnival-2020-2023,Kia,Carnival 2020-2023,carnival-2020-2023,Muv,2020.0,2515000.0,2515000.0,25.15,25.15,Diesel,Automatic,2199.0,2199.0,197.2,197.2,440.0,440.0,14.11,,,7.0,2.0,,,,Front,0,4.4,107.0,2026-08-30T05:54:55+00:00,25.15,2199.0,197.2,440.0,Diesel,Automatic,Premium (25-50L),14.11
https://www.cardekho.com/kia/ev6,Kia,EV6,current,Suv,2025.0,6596638.0,6596638.0,65.97,65.97,Electric,Automatic,,,321.0,321.0,605.0,605.0,,663.0,84.0,5.0,8.0,,490.0,,All,1,4.7,8.0,2026-08-30T06:40:56+00:00,65.97,,321.0,605.0,Electric,Automatic,Luxury (50L+),
https://www.cardekho.com/kia/ev6-2022-2025,Kia,EV6 2022-2025,ev6-2022-2025,Suv,2022.0,6097000.0,6097000.0,60.97,60.97,,ARAI Range,,,225.86,225.86,,,,,,5.0,8.0,,,,Rear,0,4.4,123.0,2026-08-30T05:54:58+00:00,60.97,,225.86,,,Arai Range,Luxury (50L+),
https://www.cardekho.com/kia/ev9,Kia,EV9,current,Suv,2024.0,12990000.0,12990000.0,129.9,129.9,Electric,Automatic,,,384.0,384.0,700.0,700.0,,561.0,99.8,6.0,10.0,,,,All,1,4.9,12.0,2026-08-30T06:40:57+00:00,129.9,,384.0,700.0,Electric,Automatic,Luxury (50L+),
https://www.cardekho.com/kia/seltos,Kia,Seltos,current,Suv,2026.0,1099901.0,2181901.0,11.0,21.82,"Petrol, Diesel","Manual, Automatic",1482.0,1497.0,113.0,158.0,144.0,253.0,,,,5.0,6.0,,447.0,,Front,44,4.6,53.0,2026-08-30T05:55:01+00:00,16.41,1489.5,135.5,198.5,Diesel,Both,Mid (15-25L),
https://www.cardekho.com/kia/seltos-2019-2023,Kia,Seltos 2019-2023,seltos-2019-2023,Suv,2019.0,1089000.0,1089000.0,10.89,10.89,21kmpl/18kmpl,6-speed MT or 6-speed AT,1353.0,1497.0,113.43,138.0,144.0,250.0,20.8,,,5.0,6.0,,433.0,,Front,0,4.5,2352.0,2026-08-30T05:55:02+00:00,10.89,1425.0,125.715,197.0,,6-Speed Mt Or 6-Speed At,Mass (8-15L),
https://www.cardekho.com/kia/seltos-2023-2025,Kia,Seltos 2023-2025,seltos-2023-2025,Suv,2024.0,1090000.0,1090000.0,10.9,10.9,17.4kmpl,,1482.0,1497.0,113.42,157.81,144.0,253.0,20.7,,,5.0,6.0,,,,Front,0,4.5,471.0,2026-08-30T05:55:03+00:00,10.9,1489.5,135.615,198.5,,,Mass (8-15L),
https://www.cardekho.com/kia/sonet,Kia,Sonet,current,Suv,2024.0,740900.0,1408600.0,7.41,14.09,"Petrol, Diesel","Manual, Automatic",998.0,1493.0,81.8,118.0,115.0,250.0,24.1,,,5.0,6.0,5-star NCAP,375.0,,Front,23,4.4,290.0,2026-08-30T05:55:05+00:00,10.75,1245.5,99.9,182.5,Diesel,Both,Mass (8-15L),24.1
https://www.cardekho.com/kia/sonet-2020-2024,Kia,Sonet 2020-2024,sonet-2020-2024,Suv,2023.0,779000.0,779000.0,7.79,7.79,24.1kmpl,,998.0,1493.0,81.86,118.35,115.0,240.0,19.0,,,5.0,4.0,,392.0,190.0,Front,0,4.1,766.0,2026-08-30T05:55:07+00:00,7.79,1245.5,100.10499999999999,177.5,,,Entry (<8L),
https://www.cardekho.com/kia/syros,Kia,Syros,current,Suv,2026.0,841900.0,1581900.0,8.42,15.82,"Petrol, Diesel","Manual, Automatic",998.0,1493.0,114.0,118.0,172.0,250.0,,,,5.0,6.0,,385.0,,Front,17,4.6,113.0,2026-08-30T05:55:09+00:00,12.120000000000001,1245.5,116.0,211.0,Diesel,Both,Mass (8-15L),
https://www.cardekho.com/kia/syros-ev,Kia,Syros EV,current,Suv,2026.0,1349900.0,1999900.0,13.5,20.0,Electric,Automatic,,,135.0,135.0,255.0,255.0,,484.5,46.7,5.0,6.0,,,,Front,7,4.8,2.0,2026-08-30T06:40:58+00:00,16.75,,135.0,255.0,Electric,Automatic,Mid (15-25L),
https://www.cardekho.com/lamborghini/huracan-evo,Lamborghini,Huracan EVO,current,Convertible,2023.0,40000000.0,49900000.0,400.0,499.0,Petrol,Automatic,5204.0,5204.0,630.3,630.3,600.0,600.0,7.3,,,2.0,6.0,,200.0,125.0,Rear,4,4.6,65.0,2026-08-30T05:55:12+00:00,449.5,5204.0,630.3,600.0,Petrol,Automatic,Luxury (50L+),7.3
https://www.cardekho.com/lamborghini/revuelto,Lamborghini,Revuelto,current,Coupe,2023.0,88900001.0,88900001.0,889.0,889.0,Petrol,Automatic,6498.0,6498.0,1001.11,1001.11,725.0,725.0,,,,2.0,5.0,,,,All,1,4.6,52.0,2026-08-30T05:55:13+00:00,875.0999999999968,6497.12,823.4600000000002,725.0,Petrol,Automatic,Luxury (50L+),
https://www.cardekho.com/lamborghini/temerario,Lamborghini,Temerario,current,Suv,2025.0,60000001.0,60000001.0,600.0,600.0,Petrol,Automatic,3995.0,3995.0,907.0,907.0,730.0,730.0,,,,2.0,6.0,,,,All,1,4.3,5.0,2026-08-30T05:55:15+00:00,600.0,3995.0,823.4600000000002,730.0,Petrol,Automatic,Luxury (50L+),
https://www.cardekho.com/lamborghini/urus,Lamborghini,Urus,current,Suv,2023.0,41800000.0,45700001.0,418.0,457.0,Petrol,Automatic,3996.0,3999.0,657.1,657.1,850.0,850.0,5.5,,,5.0,8.0,,632.0,,Four,3,4.6,128.0,2026-08-30T05:55:16+00:00,437.5,3997.5,657.1,850.0,Petrol,Automatic,Luxury (50L+),5.5
https://www.cardekho.com/land-rover/defender,Land Rover,Defender,current,Suv,2024.0,10700001.0,26190001.0,107.0,261.9,"Petrol, Diesel",Automatic,1997.0,5000.0,296.3,626.0,400.0,750.0,,,,7.0,6.0,,,,All,14,4.5,350.0,2026-08-30T05:55:17+00:00,184.45,3498.5,461.15,575.0,Diesel,Automatic,Luxury (50L+),
https://www.cardekho.com/land-rover/discovery,Land Rover,Discovery,current,Suv,2021.0,12525000.0,13682000.0,125.25,136.82,Diesel,Automatic,2996.0,2997.0,296.36,296.36,650.0,650.0,13.2,,,7.0,8.0,,123.0,,All,3,4.1,50.0,2026-08-30T05:55:19+00:00,131.035,2996.5,296.36,650.0,Diesel,Automatic,Luxury (50L+),13.2
https://www.cardekho.com/land-rover/range-rover,Land Rover,Range Rover,current,Suv,2022.0,24000000.0,38304000.0,240.0,383.04,"Diesel, Petrol",Automatic,2996.0,4395.0,346.0,606.0,550.0,750.0,,,,5.0,6.0,,1131.0,,All,4,4.5,181.0,2026-08-30T05:55:20+00:00,311.52,3695.5,476.0,650.0,Diesel,Automatic,Luxury (50L+),
https://www.cardekho.com/land-rover/range-rover-evoque,Land Rover,Range Rover Evoque,current,Suv,2025.0,6486000.0,6486000.0,64.86,64.86,"Petrol, Diesel",Automatic,1997.0,1997.0,247.0,247.0,365.0,365.0,12.82,,,5.0,7.0,,,212.0,All,2,4.4,42.0,2026-08-30T05:55:22+00:00,64.86,1997.0,247.0,365.0,Diesel,Automatic,Luxury (50L+),12.82
https://www.cardekho.com/land-rover/range-rover-sport,Land Rover,Range Rover Sport,current,Suv,2025.0,14300000.0,23500000.0,143.0,235.0,"Diesel, Petrol",Automatic,2997.0,4395.0,345.98,626.25,700.0,700.0,,,,5.0,6.0,,645.0,,All,8,4.3,81.0,2026-08-30T05:55:23+00:00,189.0,3696.0,486.115,700.0,Diesel,Automatic,Luxury (50L+),
https://www.cardekho.com/land-rover/range-rover-velar,Land Rover,Range Rover Velar,current,Suv,2025.0,8750000.0,8750000.0,87.5,87.5,"Diesel, Petrol",Automatic,1997.0,1997.0,150.0,150.0,430.0,430.0,15.8,,,5.0,6.0,,673.0,,All,2,4.5,138.0,2026-08-30T05:55:25+00:00,87.5,1997.0,150.0,430.0,Diesel,Automatic,Luxury (50L+),15.8
https://www.cardekho.com/lexus/es-electric,Lexus,ES Electric,current,Coupe,2026.0,8999000.0,8999000.0,89.99,89.99,Electric,Automatic,,,343.0,343.0,438.0,438.0,,580.0,74.7,5.0,10.0,,,,All,1,5.0,1.0,2026-08-30T06:40:59+00:00,89.99,,343.0,438.0,Electric,Automatic,Luxury (50L+),
https://www.cardekho.com/lexus/lm,Lexus,LM,current,Muv,2024.0,21969000.0,27462000.0,219.69,274.62,Petrol,Automatic,2487.0,2487.0,190.42,190.42,242.0,242.0,,,,4.0,11.0,,,,All,2,4.7,6.0,2026-08-30T05:55:29+00:00,247.155,2487.0,190.42,242.0,Petrol,Automatic,Luxury (50L+),
https://www.cardekho.com/lexus/lx,Lexus,LX,current,Suv,2022.0,28140000.0,29266000.0,281.4,292.66,Diesel,Automatic,3346.0,3346.0,304.41,304.41,700.0,700.0,5.468,,,5.0,10.0,,,205.0,All,2,4.2,19.0,2026-08-30T05:55:31+00:00,287.03,3346.0,304.41,700.0,Diesel,Automatic,Luxury (50L+),5.0
https://www.cardekho.com/lexus/nx,Lexus,NX,current,Suv,2022.0,6759000.0,7450000.0,67.59,74.5,Petrol,Automatic,2487.0,2487.0,187.74,187.74,239.0,239.0,15.0,,,5.0,8.0,,600.0,195.0,All,4,4.0,22.0,2026-08-30T05:55:32+00:00,71.045,2487.0,187.74,239.0,Petrol,Automatic,Luxury (50L+),15.0
https://www.cardekho.com/lexus/rx,Lexus,RX,current,Suv,2023.0,8999000.0,11000000.0,89.99,110.0,Petrol,Automatic,2393.0,2487.0,190.42,268.0,242.0,460.0,,,,5.0,10.0,,505.0,,All,2,4.2,12.0,2026-08-30T05:55:33+00:00,99.995,2440.0,229.20999999999998,351.0,Petrol,Automatic,Luxury (50L+),
https://www.cardekho.com/lotus/eletre,Lotus,Eletre,current,Suv,2023.0,25500000.0,29900000.0,255.0,299.0,Electric,Automatic,,,603.0,603.0,,,,550.0,112.0,5.0,8.0,,,,All,3,4.8,10.0,2026-08-30T06:41:00+00:00,277.0,,603.0,,Electric,Automatic,Luxury (50L+),
https://www.cardekho.com/lotus/emeya,Lotus,Emeya,current,Coupe,2025.0,23351066.0,23351066.0,233.51,233.51,Electric,Automatic,,,594.71,594.71,,,,610.0,102.0,5.0,8.0,,,,All,1,5.0,1.0,2026-08-30T06:41:01+00:00,233.51,,594.71,,Electric,Automatic,Luxury (50L+),
https://www.cardekho.com/mahindra/be-6,Mahindra,BE 6,current,Suv,2026.0,1945000.0,2695000.0,19.45,26.95,Electric,Automatic,,,230.0,230.0,380.0,380.0,,615.5,69.0,5.0,7.0,,455.0,,Rear,10,4.8,523.0,2026-08-30T06:41:02+00:00,23.2,,230.0,380.0,Electric,Automatic,Mid (15-25L),
https://www.cardekho.com/mahindra/bolero,Mahindra,Bolero,current,Suv,2023.0,849000.0,999000.0,8.49,9.99,Diesel,Manual,1493.0,1493.0,74.96,74.96,210.0,210.0,16.0,,,7.0,2.0,,,,Rear,4,4.4,393.0,2026-08-30T05:55:40+00:00,9.24,1493.0,74.96,210.0,Diesel,Manual,Mass (8-15L),16.0
https://www.cardekho.com/mahindra/bolero-neo,Mahindra,Bolero Neo,current,Suv,2023.0,899000.0,1079000.0,8.99,10.79,Diesel,Manual,1493.0,1493.0,98.56,98.56,260.0,260.0,16.0,,,7.0,2.0,1-star NCAP,384.0,180.0,Rear,6,4.5,253.0,2026-08-30T05:55:44+00:00,9.89,1493.0,98.56,260.0,Diesel,Manual,Mass (8-15L),16.0
https://www.cardekho.com/mahindra/bolero-neo-plus,Mahindra,Bolero Neo Plus,current,Suv,2024.0,1139000.0,1249000.0,11.39,12.49,Diesel,Manual,2184.0,2184.0,118.35,118.35,280.0,280.0,14.0,,,7.0,2.0,,,,Rear,2,4.4,51.0,2026-08-30T05:55:45+00:00,11.940000000000001,2184.0,118.35,280.0,Diesel,Manual,Mass (8-15L),14.0
https://www.cardekho.com/mahindra/marazzo,Mahindra,Marazzo,current,Muv,2023.0,1405900.0,1637900.0,14.06,16.38,Diesel,Manual,1497.0,1497.0,120.96,120.96,300.0,300.0,17.3,,,7.0,2.0,,209.0,,Front,6,4.6,494.0,2026-08-30T05:55:49+00:00,15.219999999999999,1497.0,120.96,300.0,Diesel,Manual,Mid (15-25L),17.3
https://www.cardekho.com/mahindra/scorpio,Mahindra,Scorpio,current,Suv,2023.0,1336700.0,1739900.0,13.37,17.4,Diesel,Manual,2184.0,2184.0,130.0,130.0,300.0,300.0,14.44,,,7.0,2.0,,460.0,,Rear,4,4.7,1099.0,2026-08-30T05:55:50+00:00,15.384999999999998,2184.0,130.0,300.0,Diesel,Manual,Mid (15-25L),14.44
https://www.cardekho.com/mahindra/scorpio-n,Mahindra,Scorpio N,current,Suv,2026.0,1369000.0,2549000.0,13.69,25.49,"Petrol, Diesel","Manual, Automatic",1997.0,2198.0,130.0,200.0,300.0,370.0,,,,7.0,2.0,,,,Rear,31,4.6,10.0,2026-08-30T05:55:53+00:00,19.59,2097.5,165.0,335.0,Diesel,Both,Mid (15-25L),
https://www.cardekho.com/mahindra/scorpio-n-2022-2026,Mahindra,Scorpio N 2022-2026,scorpio-n-2022-2026,Suv,2023.0,1305000.0,1305000.0,13.05,13.05,,6-speed MT/6-speed AT,1997.0,2198.0,130.0,200.0,300.0,370.0,15.94,,,7.0,2.0,,460.0,,Rear,0,4.6,962.0,2026-08-30T05:55:55+00:00,13.05,2097.5,165.0,335.0,,6-Speed Mt/6-Speed At,Mass (8-15L),
https://www.cardekho.com/mahindra/thar,Mahindra,Thar,current,Suv,2025.0,1032000.0,1779500.0,10.32,17.8,"Diesel, Petrol","Manual, Automatic",1497.0,2184.0,116.93,150.19,300.0,320.0,12.4,,,4.0,2.0,,600.0,226.0,Rear,7,4.5,81.0,2026-08-30T05:55:56+00:00,14.06,1840.5,133.56,310.0,Diesel,Both,Mass (8-15L),12.4
https://www.cardekho.com/mahindra/thar-2020-2025,Mahindra,Thar 2020-2025,thar-2020-2025,Suv,2020.0,980000.0,980000.0,9.8,9.8,,6MT,1497.0,2184.0,116.93,150.0,300.0,300.0,,,,6.0,2.0,,600.0,219.0,Four,0,4.5,1384.0,2026-08-30T05:55:57+00:00,9.8,1840.5,133.465,300.0,,6Mt,Mass (8-15L),
https://www.cardekho.com/mahindra/thar-roxx,Mahindra,Thar ROXX,current,Suv,2024.0,1252000.0,2352500.0,12.52,23.52,"Petrol, Diesel","Manual, Automatic",1997.0,2184.0,150.0,160.0,330.0,330.0,15.2,,,5.0,6.0,,447.0,,Rear,21,4.6,585.0,2026-08-30T05:56:00+00:00,18.02,2090.5,155.0,330.0,Diesel,Both,Mid (15-25L),15.2
https://www.cardekho.com/mahindra/xev-9e,Mahindra,XEV 9e,current,Suv,2024.0,2190001.0,3125000.0,21.9,31.25,Electric,Automatic,,,231.0,231.0,380.0,380.0,,599.0,59.0,5.0,6.0,,663.0,,Rear,16,4.8,123.0,2026-08-30T06:41:03+00:00,26.575,,231.0,380.0,Electric,Automatic,Premium (25-50L),
https://www.cardekho.com/mahindra/xev-9s,Mahindra,XEV 9S,current,Suv,2025.0,2065000.0,3090000.0,20.65,30.9,Electric,Automatic,,,230.0,230.0,380.0,380.0,,600.0,69.0,7.0,6.0,,500.0,,Rear,10,4.8,38.0,2026-08-30T06:41:04+00:00,25.775,,230.0,380.0,Electric,Automatic,Premium (25-50L),
https://www.cardekho.com/mahindra/xuv-3xo,Mahindra,XUV 3XO,current,Suv,2024.0,779000.0,1503500.0,7.79,15.04,"Petrol, Diesel","Manual, Automatic",1197.0,1498.0,109.96,115.05,200.0,300.0,21.2,,,5.0,6.0,,382.0,,Front,29,4.6,412.0,2026-08-30T05:56:09+00:00,11.415,1347.5,112.505,250.0,Diesel,Both,Mass (8-15L),21.2
https://www.cardekho.com/mahindra/xuv-3xo-ev,Mahindra,XUV 3XO EV,current,Suv,2026.0,1389000.0,1496000.0,13.89,14.96,Electric,Automatic,,,150.0,150.0,310.0,310.0,,456.0,39.4,5.0,6.0,5-star NCAP,364.0,,Front,2,4.6,9.0,2026-08-30T06:41:05+00:00,14.425,,150.0,310.0,Electric,Automatic,Mass (8-15L),
https://www.cardekho.com/mahindra/xuv-7xo,Mahindra,XUV 7XO,current,Suv,2026.0,1399000.0,2579000.0,13.99,25.79,"Petrol, Diesel","Manual, Automatic",1997.0,2184.0,182.37,200.0,380.0,420.0,,,,7.0,6.0,,240.0,200.0,Front,27,4.7,57.0,2026-08-30T05:56:12+00:00,19.89,2090.5,191.185,400.0,Diesel,Both,Mid (15-25L),
https://www.cardekho.com/mahindra/xuv400-ev,Mahindra,XUV400 EV,current,Suv,2024.0,1548999.0,1769000.0,15.49,17.69,Electric,Automatic,,,147.51,147.51,,,,415.5,37.0,5.0,2.0,,378.0,,Front,5,4.5,269.0,2026-08-30T06:41:06+00:00,16.59,,147.51,,Electric,Automatic,Mid (15-25L),
https://www.cardekho.com/mahindra/xuv700,Mahindra,XUV700,current,Suv,2023.0,1366000.0,1366000.0,13.66,13.66,,"6MT, 6AT",1999.0,2198.0,152.0,197.0,360.0,380.0,17.19,,,5.0,2.0,,,,Front,0,4.6,1186.0,2026-08-30T05:56:15+00:00,13.66,2098.5,174.5,370.0,,6Mt,Mass (8-15L),
https://www.cardekho.com/maruti/alto-800-tour,Maruti Suzuki,Alto 800 tour,current,Hatchback,2021.0,391000.0,391000.0,3.91,3.91,Petrol,Manual,796.0,796.0,47.33,47.33,69.0,69.0,22.05,,,5.0,1.0,,,,Front,0,4.3,58.0,2026-08-30T05:56:16+00:00,4.3875,884.88,47.33,69.0,Petrol,Manual,Entry (<8L),22.05
https://www.cardekho.com/maruti/alto-k10,Maruti Suzuki,Alto K10,current,Hatchback,2023.0,369900.0,544900.0,3.7,5.45,"Petrol, CNG","Manual, Automatic",998.0,998.0,68.0,68.0,89.0,89.0,33.85,,,5.0,6.0,,313.0,,Front,8,4.4,496.0,2026-08-30T05:56:18+00:00,4.575,998.0,68.0,89.0,CNG,Both,Entry (<8L),33.85
https://www.cardekho.com/maruti/alto-tour-h1,Maruti Suzuki,Alto Tour H1,current,Hatchback,2025.0,399900.0,481900.0,4.0,4.82,"CNG, Petrol",Manual,998.0,998.0,55.92,55.92,82.1,82.1,33.4,,,4.0,6.0,,214.0,,Front,2,4.6,7.0,2026-08-30T05:56:19+00:00,4.41,998.0,55.92,82.1,CNG,Manual,Entry (<8L),33.4
https://www.cardekho.com/maruti/brezza,Maruti Suzuki,Brezza,current,Suv,2026.0,739900.0,1370500.0,7.4,13.71,"Petrol, CNG","Manual, Automatic",998.0,1462.0,102.0,109.0,139.0,170.0,26.9,,,5.0,6.0,5-star NCAP,328.0,,Front,19,4.4,26.0,2026-08-30T05:56:22+00:00,10.555,1230.0,105.5,154.5,CNG,Both,Mass (8-15L),26.9
https://www.cardekho.com/maruti/brezza-2022-2026,Maruti Suzuki,Brezza 2022-2026,brezza-2022-2026,Suv,2022.0,828999.9999999999,828999.9999999999,8.29,8.29,17.80kmpl,5MT,1462.0,1462.0,101.65,101.65,136.8,136.8,25.51,,,5.0,2.0,,328.0,,Front,0,4.5,846.0,2026-08-30T05:56:24+00:00,8.29,1462.0,101.65,136.8,,5Mt,Mass (8-15L),
https://www.cardekho.com/maruti/dzire,Maruti Suzuki,Dzire,current,Sedan,2024.0,630600.0,941300.0,6.31,9.41,"Petrol, CNG","Manual, Automatic",1197.0,1197.0,80.0,80.0,111.7,111.7,33.73,,,5.0,6.0,5-star NCAP,420.0,163.0,Front,9,4.7,561.0,2026-08-30T05:56:25+00:00,7.859999999999999,1197.0,80.0,111.7,CNG,Both,Entry (<8L),33.73
https://www.cardekho.com/maruti/dzire-tour-s,Maruti Suzuki,Dzire Tour S,current,Sedan,2025.0,623800.0,709800.0,6.24,7.1,"Petrol, CNG",Manual,1197.0,1197.0,80.0,80.0,111.7,111.7,34.3,,,5.0,6.0,,341.0,,Front,2,4.7,64.0,2026-08-30T05:56:26+00:00,6.67,1197.0,80.0,111.7,CNG,Manual,Entry (<8L),34.3
https://www.cardekho.com/maruti/e-vitara,Maruti Suzuki,e Vitara,current,Suv,2026.0,1619000.0,2021000.0,16.19,20.21,Electric,Automatic,,,142.0,142.0,,,,491.5,55.0,5.0,7.0,,310.0,,Front,4,4.6,22.0,2026-08-30T06:41:07+00:00,18.200000000000003,,142.0,,Electric,Automatic,Mid (15-25L),
https://www.cardekho.com/maruti/eeco-tour-v,Maruti Suzuki,Eeco Tour V,current,Minivan,2024.0,518100.0,633100.0,5.18,6.33,"Petrol, CNG",Manual,1197.0,1197.0,70.67,70.67,,,19.71,,,5.0,6.0,,214.0,,Rear,4,4.9,4.0,2026-08-30T05:56:30+00:00,5.755,1197.0,70.67,,CNG,Manual,Entry (<8L),19.71
https://www.cardekho.com/maruti/ertiga-tour,Maruti Suzuki,Ertiga Tour,current,Muv,2023.0,967820.0,1058820.0,9.68,10.59,"Petrol, CNG",Manual,1462.0,1462.0,103.25,103.25,138.0,138.0,26.08,,,7.0,2.0,,209.0,,Front,2,4.5,60.0,2026-08-30T05:56:32+00:00,10.135,1462.0,103.25,138.0,CNG,Manual,Mass (8-15L),26.08
https://www.cardekho.com/maruti/invicto,Maruti Suzuki,Invicto,current,Muv,2023.0,2497400.0,2870500.0,24.97,28.7,Petrol,Automatic,1987.0,1987.0,186.0,186.0,206.0,206.0,23.24,,,7.0,6.0,,239.0,,Front,3,4.4,103.0,2026-08-30T05:56:37+00:00,26.835,1987.0,186.0,206.0,Petrol,Automatic,Premium (25-50L),23.24
https://www.cardekho.com/maruti/jimny,Maruti Suzuki,Jimny,current,Suv,2023.0,1254000.0,1467100.0,12.54,14.67,Petrol,"Manual, Automatic",1462.0,1462.0,103.0,103.0,134.2,134.2,16.94,,,4.0,6.0,,211.0,210.0,Four,6,4.5,410.0,2026-08-30T05:56:39+00:00,13.605,1462.0,103.0,134.2,Petrol,Both,Mass (8-15L),16.94
https://www.cardekho.com/maruti/s-presso,Maruti Suzuki,S-Presso,current,Hatchback,2023.0,349900.0,527400.0,3.5,5.27,"Petrol, CNG","Manual, Automatic",998.0,998.0,68.0,68.0,89.0,89.0,32.73,,,5.0,2.0,,214.0,,Front,8,4.3,505.0,2026-08-30T05:56:42+00:00,4.3875,998.0,68.0,89.0,CNG,Both,Entry (<8L),32.73
https://www.cardekho.com/maruti/swift,Maruti Suzuki,Swift,current,Hatchback,2024.0,583900.0,888900.0,5.84,8.89,"Petrol, CNG","Manual, Automatic",1197.0,1197.0,80.46,80.46,111.7,111.7,32.85,,,5.0,6.0,,318.0,,Front,14,4.5,525.0,2026-08-30T05:56:44+00:00,7.365,1197.0,80.46,111.7,CNG,Both,Entry (<8L),32.85
https://www.cardekho.com/maruti/swift-dzire-tour,Maruti Suzuki,Swift Dzire Tour,current,Sedan,2022.0,605000.0,605000.0,6.05,6.05,Petrol / CNG,Manual,1197.0,1197.0,81.8,81.8,113.0,113.0,31.12,,,5.0,1.0,,,,Front,0,4.5,89.0,2026-08-30T05:56:46+00:00,6.05,1197.0,81.8,113.0,CNG,Manual,Entry (<8L),31.12
https://www.cardekho.com/maruti/victoris,Maruti Suzuki,Victoris,current,Suv,2025.0,1049900.0,1998900.0,10.5,19.99,"Petrol, CNG","Manual, Automatic",1462.0,1490.0,101.64,114.0,139.0,141.0,28.65,,,5.0,6.0,5-star NCAP,439.0,,Front,36,4.6,118.0,2026-08-30T05:56:47+00:00,15.245,1476.0,107.82,140.0,CNG,Both,Mid (15-25L),28.65
https://www.cardekho.com/maruti/wagon-r-tour,Maruti Suzuki,Wagon R tour,current,Hatchback,2022.0,498900.0,588900.0,4.99,5.89,"Petrol, CNG",Manual,998.0,998.0,65.71,65.71,89.0,89.0,34.73,,,5.0,2.0,,214.0,,Front,2,4.3,75.0,2026-08-30T05:56:50+00:00,5.4399999999999995,998.0,65.71,89.0,CNG,Manual,Entry (<8L),34.73
https://www.cardekho.com/maruti/xl6,Maruti Suzuki,XL6,current,Muv,2023.0,1162300.0,1457500.0,11.62,14.57,"Petrol, CNG","Manual, Automatic",1462.0,1462.0,101.64,101.64,136.8,136.8,26.32,,,6.0,6.0,,209.0,,Front,9,4.4,309.0,2026-08-30T05:56:51+00:00,13.094999999999999,1462.0,101.64,136.8,CNG,Both,Mass (8-15L),26.32
https://www.cardekho.com/maserati/grecale,Maserati,Grecale,current,Suv,2024.0,13100000.0,20500000.0,131.0,205.0,Petrol,Automatic,1995.0,3000.0,296.0,523.0,450.0,620.0,17.4,,,5.0,6.0,,570.0,,All,3,5.0,1.0,2026-08-30T05:56:53+00:00,168.0,2497.5,409.5,535.0,Petrol,Automatic,Luxury (50L+),17.4
https://www.cardekho.com/maserati/levante,Maserati,Levante,current,Suv,2020.0,14936448.0,16415782.0,149.36,164.16,"Petrol, Diesel",Automatic,2979.0,2987.0,275.0,350.0,500.0,600.0,12.0,,,5.0,6.0,,,,All,6,4.2,11.0,2026-08-30T05:56:54+00:00,156.76,2983.0,312.5,550.0,Diesel,Automatic,Luxury (50L+),12.0
https://www.cardekho.com/mclaren/750s,Mclaren,750S,current,Coupe,2024.0,59100001.0,59100001.0,591.0,591.0,Petrol,Automatic,3994.0,3994.0,740.0,740.0,800.0,800.0,6.1,,,2.0,4.0,,467.0,,Rear,1,4.3,14.0,2026-08-30T05:56:56+00:00,591.0,3994.0,740.0,800.0,Petrol,Automatic,Luxury (50L+),6.1
https://www.cardekho.com/mclaren/gt,Mclaren,GT,current,Coupe,2022.0,45000000.0,45000000.0,450.0,450.0,Petrol,Automatic,3994.0,3994.0,611.51,611.51,630.0,630.0,5.468,,,2.0,4.0,,320.0,,Rear,1,4.6,11.0,2026-08-30T05:56:57+00:00,450.0,3994.0,611.51,630.0,Petrol,Automatic,Luxury (50L+),5.1
https://www.cardekho.com/mercedes-benz/a-class-limousine,Mercedes-Benz,A-Class Limousine,current,Sedan,2023.0,4200000.0,4200000.0,42.0,42.0,,Automatic,1332.0,1991.0,160.92,301.73,250.0,400.0,,,,5.0,7.0,,,160.0,Front,0,4.4,83.0,2026-08-30T05:56:59+00:00,42.0,1661.5,231.325,325.0,,Automatic,Premium (25-50L),
https://www.cardekho.com/mercedes-benz/amg-a-45-s,Mercedes-Benz,AMG A 45 S,current,Hatchback,2023.0,8700000.0,9480000.0,87.0,94.8,Petrol,Automatic,1991.0,1991.0,415.71,415.71,500.0,500.0,10.0,,,5.0,6.0,,370.0,,All,2,4.4,9.0,2026-08-30T05:57:00+00:00,90.9,1991.0,415.71,500.0,Petrol,Automatic,Luxury (50L+),10.0
https://www.cardekho.com/mercedes-benz/amg-c-63,Mercedes-Benz,AMG C 63,current,Sedan,2024.0,19090909.0,19090909.0,190.91,190.91,Petrol,Automatic,1991.0,1991.0,469.0,469.0,545.0,545.0,,,,5.0,7.0,,,,Four,1,4.7,8.0,2026-08-30T05:57:01+00:00,190.91,1991.0,469.0,545.0,Petrol,Automatic,Luxury (50L+),
https://www.cardekho.com/mercedes-benz/amg-c43,Mercedes-Benz,AMG C43,current,Sedan,2023.0,9405000.0,9405000.0,94.05,94.05,Petrol,Automatic,1991.0,1991.0,402.3,402.3,500.0,500.0,10.0,,,5.0,7.0,,435.0,,All,1,4.2,7.0,2026-08-30T05:57:03+00:00,94.05,1991.0,402.3,500.0,Petrol,Automatic,Luxury (50L+),10.0
https://www.cardekho.com/mercedes-benz/amg-cle-53,Mercedes-Benz,AMG CLE 53,current,Coupe,2025.0,13250000.0,13250000.0,132.5,132.5,Petrol,Automatic,2999.0,2999.0,442.0,442.0,560.0,560.0,,,,4.0,8.0,,,,All,1,4.5,13.0,2026-08-30T05:57:04+00:00,132.5,2999.0,442.0,560.0,Petrol,Automatic,Luxury (50L+),
https://www.cardekho.com/mercedes-benz/amg-e-53-cabriolet,Mercedes-Benz,AMG E 53 Cabriolet,current,Convertible,2023.0,13000000.0,13000000.0,130.0,130.0,Petrol,Automatic,2998.0,2998.0,424.71,424.71,520.63,520.63,,,,4.0,11.0,,,,All,0,4.9,7.0,2026-08-30T05:57:06+00:00,130.0,2998.0,424.71,520.63,Petrol,Automatic,Luxury (50L+),
https://www.cardekho.com/mercedes-benz/amg-eqs,Mercedes-Benz,AMG EQS,current,Sedan,2022.0,24500000.0,24500000.0,245.0,245.0,Electric,Automatic,,,751.0,751.0,,,,526.0,107.8,5.0,9.0,,,,All,1,4.6,2.0,2026-08-30T06:41:08+00:00,245.0,,751.0,,Electric,Automatic,Luxury (50L+),
https://www.cardekho.com/mercedes-benz/amg-glc-43,Mercedes-Benz,AMG GLC 43,current,Suv,2024.0,9985000.0,9985000.0,99.85,99.85,Petrol,Automatic,1991.0,1991.0,416.0,416.0,500.0,500.0,10.0,,,5.0,6.0,,,201.0,Four,1,4.6,10.0,2026-08-30T05:57:09+00:00,99.85,1991.0,416.0,500.0,Petrol,Automatic,Luxury (50L+),10.0
https://www.cardekho.com/mercedes-benz/amg-gle-53,Mercedes-Benz,AMG GLE 53,current,Coupe,2023.0,15200000.0,18750000.0,152.0,187.5,Petrol,Automatic,2999.0,2999.0,429.1,429.1,520.0,520.0,8.9,,,5.0,9.0,,,,All,2,4.3,23.0,2026-08-30T05:57:11+00:00,169.75,2999.0,429.1,520.0,Petrol,Automatic,Luxury (50L+),8.9
https://www.cardekho.com/mercedes-benz/amg-gt-4-door-coupe,Mercedes-Benz,AMG GT 4 Door Coupe,current,Coupe,2023.0,32699301.0,32699301.0,326.99,326.99,Petrol,Automatic,3982.0,3982.0,630.28,630.28,900.0,900.0,7.0,,,5.0,7.0,,520.0,,Four,1,4.6,7.0,2026-08-30T05:57:12+00:00,326.99,3982.0,630.28,900.0,Petrol,Automatic,Luxury (50L+),7.0
https://www.cardekho.com/mercedes-benz/amg-gt-coupe,Mercedes-Benz,AMG GT Coupe,current,Coupe,2025.0,30000000.0,35500000.0,300.0,355.0,Petrol,Automatic,3982.0,3982.0,576.0,576.0,800.0,800.0,,,,4.0,8.0,,,,All,2,4.6,10.0,2026-08-30T05:57:13+00:00,327.5,3982.0,576.0,800.0,Petrol,Automatic,Luxury (50L+),
https://www.cardekho.com/mercedes-benz/amg-s-63,Mercedes-Benz,AMG S 63,current,Sedan,2024.0,32700000.0,38000000.0,327.0,380.0,Petrol,Automatic,3982.0,3982.0,791.0,791.0,1430.0,1430.0,9.5,,,5.0,7.0,,616.0,,All,2,4.8,4.0,2026-08-30T05:57:14+00:00,353.5,3982.0,791.0,1430.0,Petrol,Automatic,Luxury (50L+),9.5
https://www.cardekho.com/mercedes-benz/amg-sl,Mercedes-Benz,AMG SL,current,Convertible,2023.0,23383784.0,23383784.0,233.84,233.84,Petrol,Automatic,3982.0,3982.0,469.35,469.35,700.0,700.0,7.3,,,4.0,10.0,,,,All,1,4.6,19.0,2026-08-30T05:57:16+00:00,233.84,3982.0,469.35,700.0,Petrol,Automatic,Luxury (50L+),7.3
https://www.cardekho.com/mercedes-benz/cla-electric,Mercedes-Benz,CLA Electric,current,Sedan,2026.0,5650000.0,6400000.0,56.5,64.0,Electric,Automatic,,,221.26,221.26,,,,667.0,71.8,5.0,7.0,,,,Rear,3,4.4,2.0,2026-08-30T06:41:09+00:00,60.25,,221.26,,Electric,Automatic,Luxury (50L+),
https://www.cardekho.com/mercedes-benz/cle-cabriolet,Mercedes-Benz,CLE Cabriolet,current,Convertible,2024.0,11500000.0,11500000.0,115.0,115.0,Petrol,Automatic,1999.0,1999.0,255.0,255.0,400.0,400.0,12.0,,,4.0,11.0,,295.0,,All,1,4.5,3.0,2026-08-30T05:57:19+00:00,115.0,1999.0,255.0,400.0,Petrol,Automatic,Luxury (50L+),12.0
https://www.cardekho.com/mercedes-benz/e-class,Mercedes-Benz,E-Class,current,Sedan,2026.0,8000000.0,9350000.0,80.0,93.5,"Petrol, Diesel",Automatic,1993.0,2999.0,194.0,375.0,320.0,500.0,15.0,,,5.0,8.0,,,,Front,4,4.6,20.0,2026-08-30T05:57:21+00:00,86.75,2496.0,284.5,410.0,Diesel,Automatic,Luxury (50L+),15.0
https://www.cardekho.com/mercedes-benz/eqa,Mercedes-Benz,EQA,current,Suv,2024.0,6720000.0,6720000.0,67.2,67.2,,ARAI Range,,,188.0,188.0,,,,,,5.0,6.0,,340.0,,Front,0,4.8,4.0,2026-08-30T05:57:22+00:00,67.2,,188.0,,,Arai Range,Luxury (50L+),
https://www.cardekho.com/mercedes-benz/eqb,Mercedes-Benz,EQB,current,Suv,2024.0,7220000.0,7220000.0,72.2,72.2,,ARAI Range,,,187.74,187.74,,,,,,5.0,6.0,,,,Front,0,4.9,6.0,2026-08-30T05:57:23+00:00,72.2,,187.74,,,Arai Range,Luxury (50L+),
https://www.cardekho.com/mercedes-benz/eqs,Mercedes-Benz,EQS,current,Sedan,2022.0,13000000.0,14750000.0,130.0,147.5,Electric,Automatic,,,536.0,536.0,,,,823.3149999999999,107.8,5.0,9.0,,,,All,2,4.4,41.0,2026-08-30T06:41:10+00:00,138.75,,536.0,,Electric,Automatic,Luxury (50L+),
https://www.cardekho.com/mercedes-benz/eqs-suv,Mercedes-Benz,EQS SUV,current,Suv,2025.0,13350000.0,14800000.0,133.5,148.0,Electric,Automatic,,,544.0,544.0,858.0,858.0,,814.5,122.0,5.0,6.0,,,,All,4,4.7,8.0,2026-08-30T06:41:11+00:00,140.75,,544.0,858.0,Electric,Automatic,Luxury (50L+),
https://www.cardekho.com/mercedes-benz/g-class,Mercedes-Benz,G-Class,current,Suv,2023.0,25500000.0,43000001.0,255.0,430.0,"Diesel, Petrol",Automatic,2925.0,3982.0,325.86,576.63,700.0,850.0,8.47,,,5.0,9.0,,667.0,,All,5,4.6,50.0,2026-08-30T05:57:27+00:00,342.5,3453.5,451.245,775.0,Diesel,Automatic,Luxury (50L+),8.47
https://www.cardekho.com/mercedes-benz/g-class-electric,Mercedes-Benz,G-Class Electric,current,Suv,2025.0,31000000.0,31000000.0,310.0,310.0,Electric,Automatic,,,579.0,579.0,,,,473.0,116.0,5.0,9.0,,,250.0,Four,1,4.7,38.0,2026-08-30T06:41:12+00:00,310.0,,579.0,,Electric,Automatic,Luxury (50L+),
https://www.cardekho.com/mercedes-benz/gla,Mercedes-Benz,GLA,current,Suv,2024.0,5180000.0,5500000.0,51.8,55.0,"Petrol, Diesel",Automatic,1332.0,1950.0,160.92,187.74,270.0,400.0,18.9,,,5.0,7.0,,786.0,,Front,3,4.4,32.0,2026-08-30T05:57:30+00:00,53.4,1641.0,174.32999999999998,335.0,Diesel,Automatic,Luxury (50L+),18.9
https://www.cardekho.com/mercedes-benz/glc,Mercedes-Benz,GLC,current,Suv,2023.0,7700000.0,7700000.0,77.0,77.0,"Diesel, Petrol",Automatic,1993.0,1999.0,194.44,254.79,400.0,440.0,19.4,,,5.0,7.0,,620.0,20.0,All,2,4.5,30.0,2026-08-30T05:57:31+00:00,77.0,1996.0,224.615,420.0,Diesel,Automatic,Luxury (50L+),19.4
https://www.cardekho.com/mercedes-benz/gle,Mercedes-Benz,GLE,current,Suv,2024.0,10000000.0,11650000.0,100.0,116.5,"Diesel, Petrol",Automatic,1950.0,2999.0,265.52,375.48,500.0,750.0,16.0,,,5.0,9.0,,630.0,,All,5,4.3,21.0,2026-08-30T05:57:33+00:00,108.25,2474.5,320.5,625.0,Diesel,Automatic,Luxury (50L+),16.0
https://www.cardekho.com/mercedes-benz/gls,Mercedes-Benz,GLS,current,Suv,2024.0,13206667.0,14300000.0,132.07,143.0,"Petrol, Diesel",Automatic,2925.0,2999.0,362.07,375.48,500.0,750.0,12.0,,,7.0,10.0,,,,All,6,4.5,39.0,2026-08-30T05:57:34+00:00,137.535,2962.0,368.775,625.0,Diesel,Automatic,Luxury (50L+),12.0
https://www.cardekho.com/mercedes-benz/maybach-eqs-suv,Mercedes-Benz,Maybach EQS SUV,current,Suv,2024.0,24000000.0,26500000.0,240.0,265.0,Electric,Automatic,,,649.0,649.0,,,,611.0,122.0,4.0,11.0,,,,All,2,4.7,6.0,2026-08-30T06:41:13+00:00,252.5,,649.0,,Electric,Automatic,Luxury (50L+),
https://www.cardekho.com/mercedes-benz/maybach-gls,Mercedes-Benz,Maybach GLS,current,Suv,2024.0,27500000.0,41000000.0,275.0,410.0,Petrol,Automatic,3982.0,3982.0,550.0,550.0,700.0,700.0,10.0,,,5.0,8.0,,616.0,,All,3,4.7,24.0,2026-08-30T05:57:37+00:00,342.5,3982.0,550.0,700.0,Petrol,Automatic,Luxury (50L+),10.0
https://www.cardekho.com/mercedes-benz/maybach-s-class,Mercedes-Benz,Maybach S-Class,current,Sedan,2023.0,28750000.0,34735000.0,287.5,347.35,Petrol,Automatic,3982.0,5980.0,496.17,603.46,700.0,900.0,23.0,,,5.0,8.0,,570.0,,All,2,4.7,67.0,2026-08-30T05:57:39+00:00,317.425,4981.0,549.815,800.0,Petrol,Automatic,Luxury (50L+),23.0
https://www.cardekho.com/mercedes-benz/maybach-sl-680,Mercedes-Benz,Maybach SL 680,current,Convertible,2025.0,43000000.0,43000000.0,430.0,430.0,Petrol,Automatic,3982.0,3982.0,577.0,577.0,800.0,800.0,,,,2.0,7.0,,,,All,1,4.2,3.0,2026-08-30T05:57:40+00:00,430.0,3982.0,577.0,800.0,Petrol,Automatic,Luxury (50L+),
https://www.cardekho.com/mercedes-benz/s-class,Mercedes-Benz,S-Class,current,Sedan,2026.0,22000000.0,23800000.0,220.0,238.0,Petrol,Automatic,2999.0,2999.0,429.12,429.12,680.0,680.0,32.3,,,,11.0,,,,Rear,2,5.0,2.0,2026-08-30T05:57:41+00:00,229.0,2999.0,429.12,680.0,Petrol,Automatic,Luxury (50L+),32.3
https://www.cardekho.com/mercedes-benz/s-class-2021-2026,Mercedes-Benz,S-Class 2021-2026,s-class-2021-2026,Sedan,2021.0,17100000.0,17100000.0,171.0,171.0,Diesel / Petrol,Automatic,2925.0,2999.0,325.86,362.07,500.0,700.0,,,,5.0,10.0,,,,All,0,4.3,80.0,2026-08-30T05:57:43+00:00,171.0,2962.0,343.96500000000003,600.0,Diesel,Automatic,Luxury (50L+),
https://www.cardekho.com/mercedes-benz/v-class,Mercedes-Benz,V-Class,current,Minivan,2026.0,14000000.0,14000000.0,140.0,140.0,"Petrol, Diesel",Automatic,1951.0,1999.0,228.0,233.33,370.0,500.0,,,,6.0,7.0,,,,Rear,2,4.4,4.0,2026-08-30T05:57:44+00:00,140.0,1975.0,230.66500000000002,435.0,Diesel,Automatic,Luxury (50L+),
https://www.cardekho.com/mg/astor,MG Motor,Astor,current,Suv,2024.0,979100.0,1530100.0,9.79,15.3,Petrol,"Manual, Automatic",1498.0,1498.0,108.49,108.49,144.0,144.0,15.43,,,5.0,2.0,,488.0,,Front,8,4.3,330.0,2026-08-30T05:57:46+00:00,12.545,1498.0,108.49,144.0,Petrol,Both,Mass (8-15L),15.43
https://www.cardekho.com/mg/comet-ev,MG Motor,Comet EV,current,Hatchback,2025.0,499000.0,763300.0,4.99,7.63,Electric,Automatic,,,41.42,41.42,,,,230.0,17.4,4.0,2.0,,350.0,,Rear,6,4.3,238.0,2026-08-30T06:41:14+00:00,6.3100000000000005,,41.42,,Electric,Automatic,Entry (<8L),
https://www.cardekho.com/mg/cyberster,MG Motor,Cyberster,current,Convertible,2026.0,8249800.0,8749000.0,82.5,87.49,Electric,Automatic,,,510.0,510.0,725.0,725.0,,580.0,77.0,2.0,4.0,,,,All,2,4.7,53.0,2026-08-30T06:41:15+00:00,84.995,,510.0,725.0,Electric,Automatic,Luxury (50L+),
https://www.cardekho.com/mg/gloster,MG Motor,Gloster,current,Suv,2024.0,3260000.0,3260000.0,32.6,32.6,,8AT,1996.0,1996.0,158.79,158.79,373.5,373.5,13.92,,,6.0,6.0,,,210.0,Front,0,4.3,138.0,2026-08-30T05:57:50+00:00,32.6,1996.0,158.79,373.5,,8At,Premium (25-50L),
https://www.cardekho.com/mg/gloster-2020-2022,MG Motor,Gloster 2020-2022,gloster-2020-2022,Suv,2020.0,3150000.0,3150000.0,31.5,31.5,,,1996.0,1996.0,160.77,160.77,375.0,375.0,14.5,,,7.0,6.0,,,,Front,0,4.1,75.0,2026-08-30T05:57:51+00:00,31.5,1996.0,160.77,375.0,,,Premium (25-50L),
https://www.cardekho.com/mg/hector,MG Motor,Hector,current,Suv,2025.0,1199000.0,1919000.0,11.99,19.19,Petrol,"Manual, Automatic",1451.0,1451.0,141.04,141.04,250.0,250.0,13.79,,,5.0,6.0,,587.0,,Front,7,4.4,353.0,2026-08-30T05:57:53+00:00,15.59,1451.0,141.04,250.0,Petrol,Both,Mid (15-25L),13.79
https://www.cardekho.com/mg/hector-2021-2023,MG Motor,Hector 2021-2023,hector-2021-2023,Suv,2021.0,1417000.0,1417000.0,14.17,14.17,,,1451.0,1956.0,141.0,167.68,250.0,350.0,,,,5.0,2.0,,,192.0,Front,0,4.0,180.0,2026-08-30T05:57:54+00:00,14.17,1703.5,154.34,300.0,,,Mass (8-15L),
https://www.cardekho.com/mg/hector-plus,MG Motor,Hector Plus,current,Suv,2025.0,1749000.0,1969000.0,17.49,19.69,Petrol,"Manual, Automatic",1451.0,1451.0,141.04,141.04,250.0,250.0,13.79,,,7.0,6.0,,587.0,,Front,3,4.3,164.0,2026-08-30T05:57:55+00:00,18.59,1451.0,141.04,250.0,Petrol,Both,Mid (15-25L),13.79
https://www.cardekho.com/mg/hector-plus-2020-2023,MG Motor,Hector Plus 2020-2023,hector-plus-2020-2023,Suv,2021.0,1374000.0,1374000.0,13.74,13.74,Diesel / Petrol,,1451.0,1956.0,141.0,167.67,250.0,350.0,16.65,,,7.0,2.0,,,,,0,4.2,83.0,2026-08-30T05:57:57+00:00,13.74,1703.5,154.33499999999998,300.0,Diesel,,Mass (8-15L),16.65
https://www.cardekho.com/mg/m9,MG Motor,M9,current,Muv,2026.0,7994800.0,8494000.0,79.95,84.94,Electric,Automatic,,,242.0,242.0,350.0,350.0,,548.0,90.0,7.0,7.0,,,,Front,2,4.7,19.0,2026-08-30T06:41:17+00:00,82.445,,242.0,350.0,Electric,Automatic,Luxury (50L+),
https://www.cardekho.com/mg/majestor,MG Motor,Majestor,current,Suv,2026.0,4249000.0,4499000.0,42.49,44.99,Diesel,Automatic,1996.0,1996.0,213.0,213.0,478.0,478.0,,,,7.0,6.0,,343.0,219.0,Front,3,5.0,9.0,2026-08-30T05:58:05+00:00,43.74,1996.0,213.0,478.0,Diesel,Automatic,Premium (25-50L),
https://www.cardekho.com/mg/windsor-ev,MG Motor,Windsor EV,current,Muv,2024.0,1469800.0,1899800.0,14.7,19.0,Electric,Automatic,,,134.0,134.0,,,,390.5,45.5,5.0,6.0,,604.0,186.0,Front,5,4.6,118.0,2026-08-30T06:41:18+00:00,16.85,,134.0,,Electric,Automatic,Mid (15-25L),
https://www.cardekho.com/mg/zs-ev,MG Motor,ZS EV,current,Suv,2024.0,1799000.0,2074600.0,17.99,20.75,Electric,Automatic,,,174.33,174.33,,,,461.0,50.3,5.0,6.0,,488.0,,Front,7,4.2,128.0,2026-08-30T06:41:19+00:00,19.369999999999997,,174.33,,Electric,Automatic,Mid (15-25L),
https://www.cardekho.com/mg/zs-ev-2020-2022,MG Motor,ZS EV 2020-2022,zs-ev-2020-2022,Suv,2020.0,2200000.0,2200000.0,22.0,22.0,,ARAI Range,,,136.0,136.0,395.0,395.0,,,,5.0,6.0,,,,,0,4.3,49.0,2026-08-30T05:58:09+00:00,22.0,,136.0,395.0,,Arai Range,Mid (15-25L),
https://www.cardekho.com/mini/cooper-s,Mini,Cooper S,current,Suv,2025.0,4445000.0,5890000.0,44.45,58.9,Petrol,Automatic,1998.0,1998.0,201.0,201.0,300.0,300.0,15.0,,,5.0,2.0,,380.0,,Front,6,4.3,7.0,2026-08-30T05:58:11+00:00,51.675,1998.0,201.0,300.0,Petrol,Automatic,Luxury (50L+),15.0
https://www.cardekho.com/mini/countryman,Mini,Countryman,current,Suv,2025.0,6615000.0,6615000.0,66.15,66.15,Petrol,Automatic,1998.0,1998.0,296.0,296.0,400.0,400.0,,,,5.0,6.0,,,149.0,All,1,4.7,3.0,2026-08-30T05:58:12+00:00,66.15,1998.0,296.0,400.0,Petrol,Automatic,Luxury (50L+),
https://www.cardekho.com/mini/countryman-c,Mini,Countryman C,current,Suv,2026.0,4750000.0,4750000.0,47.5,47.5,Electric,Automatic,1.5,1.5,156.0,156.0,240.0,240.0,,,,5.0,6.0,,505.0,,Front,1,4.7,1.0,2026-08-30T06:41:20+00:00,47.5,884.88,156.0,240.0,Electric,Automatic,Premium (25-50L),
https://www.cardekho.com/mini/countryman-electric,Mini,Countryman Electric,current,Suv,2024.0,5565000.0,6070000.0,55.65,60.7,Electric,Automatic,,,313.0,313.0,,,,462.0,66.4,5.0,2.0,,,,Front,2,4.8,3.0,2026-08-30T06:41:21+00:00,58.175,,313.0,,Electric,Automatic,Luxury (50L+),
https://www.cardekho.com/nissan/gtr,Nissan,GTR,current,Coupe,2016.0,21200000.0,21200000.0,212.0,212.0,Petrol,Automatic,3798.0,3798.0,562.2,562.2,637.0,637.0,,,,4.0,6.0,,,,All,0,4.8,22.0,2026-08-30T05:58:19+00:00,212.0,3798.0,562.2,637.0,Petrol,Automatic,Luxury (50L+),
https://www.cardekho.com/nissan/kicks,Nissan,Kicks,current,Hatchback,2019.0,950000.0,950000.0,9.5,9.5,Diesel / Petrol,Manual / Automatic,1330.0,1498.0,104.55,153.87,142.0,254.0,20.45,,,,,,400.0,210.0,Front,0,4.3,275.0,2026-08-30T05:58:20+00:00,9.5,1414.0,129.21,198.0,Diesel,Both,Mass (8-15L),20.45
https://www.cardekho.com/nissan/magnite,Nissan,Magnite,current,Suv,2024.0,568000.0,1099000.0,5.68,10.99,"Petrol, CNG","Manual, Automatic",999.0,999.0,71.0,71.0,96.0,96.0,24.0,,,5.0,6.0,,366.0,205.0,Front,28,4.5,203.0,2026-08-30T05:58:21+00:00,8.335,999.0,71.0,96.0,CNG,Both,Mass (8-15L),24.0
https://www.cardekho.com/nissan/magnite-2020-2024,Nissan,Magnite 2020-2024,magnite-2020-2024,Suv,2023.0,600000.0,600000.0,6.0,6.0,18.75kmpl,5-speed manual/ 5-speed AMT,999.0,999.0,71.01,71.01,96.0,96.0,,,,5.0,2.0,,,205.0,Front,0,4.3,576.0,2026-08-30T05:58:23+00:00,6.0,999.0,71.01,96.0,,Manual,Entry (<8L),
https://www.cardekho.com/nissan/micra,Nissan,Micra,current,Hatchback,2017.0,599000.0,599000.0,5.99,5.99,Petrol / Diesel,Automatic / Manual,1198.0,1461.0,63.12,75.94,104.0,160.0,23.19,,,5.0,,,,,Front,0,4.1,124.0,2026-08-30T05:58:24+00:00,5.99,1329.5,69.53,132.0,Diesel,Both,Entry (<8L),23.19
https://www.cardekho.com/nissan/micra-active,Nissan,Micra Active,current,Hatchback,2013.0,338000.0,338000.0,3.38,3.38,Petrol,Manual,1198.0,1198.0,67.06,67.06,104.0,104.0,19.69,,,5.0,,,,,Front,0,4.1,80.0,2026-08-30T05:58:25+00:00,4.3875,1198.0,67.06,104.0,Petrol,Manual,Entry (<8L),19.69
https://www.cardekho.com/nissan/tekton,Nissan,Tekton,current,Suv,2026.0,1049000.0,1859000.0,10.49,18.59,Petrol,"Manual, Automatic",999.0,1333.0,98.63,160.77,166.0,280.0,19.4,,,5.0,6.0,5-star NCAP,518.0,,Front,12,4.7,13.0,2026-08-30T05:58:27+00:00,14.54,1166.0,129.7,223.0,Petrol,Both,Mass (8-15L),19.4
https://www.cardekho.com/pmv/eas-e,PMV,EaS E,current,Hatchback,2022.0,479000.0,479000.0,4.79,4.79,Electric,Automatic,,,13.41,13.41,,,,175.675,10.0,2.0,1.0,,30.0,,Front,1,4.5,36.0,2026-08-30T06:41:22+00:00,4.79,,16.369899999999998,,Electric,Automatic,Entry (<8L),
https://www.cardekho.com/porsche/cayenne,Porsche,Cayenne,current,Suv,2024.0,13869000.0,19417000.0,138.69,194.17,Petrol,Automatic,2894.0,2894.0,348.66,348.66,500.0,500.0,10.8,,,4.0,6.0,,,,All,2,4.5,10.0,2026-08-30T05:58:30+00:00,166.43,2894.0,348.66,500.0,Petrol,Automatic,Luxury (50L+),10.8
https://www.cardekho.com/porsche/cayenne-coupe,Porsche,Cayenne Coupe,current,Coupe,2024.0,14441000.0,19541000.0,144.41,195.41,Petrol,Automatic,2894.0,3996.0,348.66,493.0,600.0,660.0,8.0,,,4.0,6.0,,,,All,2,4.2,2.0,2026-08-30T05:58:31+00:00,169.91,3445.0,420.83000000000004,630.0,Petrol,Automatic,Luxury (50L+),8.0
https://www.cardekho.com/porsche/macan-ev,Porsche,Macan EV,current,Luxury,2024.0,12162000.0,17327000.0,121.62,173.27,Electric,Automatic,,,402.0,402.0,,,,621.5,100.0,5.0,8.0,,250.0,,All,3,4.9,3.0,2026-08-30T06:41:24+00:00,147.445,,402.0,,Electric,Automatic,Luxury (50L+),
https://www.cardekho.com/porsche/panamera,Porsche,Panamera,current,Coupe,2024.0,17057000.0,23337000.0,170.57,233.37,Petrol,Automatic,2894.0,3996.0,349.0,493.0,500.0,660.0,20.0,,,4.0,10.0,,,,All,2,4.6,9.0,2026-08-30T05:58:35+00:00,201.97,3445.0,421.0,580.0,Petrol,Automatic,Luxury (50L+),20.0
https://www.cardekho.com/porsche/taycan,Porsche,Taycan,current,Sedan,2024.0,17028000.0,26996000.0,170.28,269.96,Electric,Automatic,,,590.0,590.0,,,,694.0,93.4,5.0,8.0,,,127.0,All,3,4.7,7.0,2026-08-30T06:41:25+00:00,220.12,,590.0,,Electric,Automatic,Luxury (50L+),
https://www.cardekho.com/pravaig/defy,Pravaig,DEFY,current,Suv,2022.0,3950000.0,3950000.0,39.5,39.5,Electric,Automatic,,,402.0,402.0,,,,500.0,90.9,4.0,6.0,,680.0,,All,1,4.6,19.0,2026-08-30T06:41:26+00:00,39.5,,402.0,,Electric,Automatic,Premium (25-50L),
https://www.cardekho.com/renault/captur,Renault,Captur,current,Suv,2017.0,950000.0,950000.0,9.5,9.5,,,1461.0,1498.0,104.55,108.49,142.0,240.0,20.37,,,5.0,2.0,,390.0,210.0,Front,0,4.6,146.0,2026-08-30T05:58:43+00:00,9.5,1479.5,106.52,191.0,,,Mass (8-15L),
https://www.cardekho.com/renault/duster,Renault,Duster,current,Suv,2026.0,1049000.0,1869000.0,10.49,18.69,Petrol,"Manual, Automatic",999.0,1333.0,99.0,161.0,166.0,280.0,19.41,,,5.0,6.0,,518.0,212.0,Front,22,4.7,60.0,2026-08-30T05:58:45+00:00,14.59,1166.0,130.0,223.0,Petrol,Both,Mass (8-15L),19.41
https://www.cardekho.com/renault/duster-2019-2022,Renault,Duster 2019-2022,duster-2019-2022,Suv,2020.0,849000.0,849000.0,8.49,8.49,,,1330.0,1498.0,84.0,153.866,142.0,254.0,19.87,,,5.0,2.0,,,205.0,Front,0,4.2,227.0,2026-08-30T05:58:46+00:00,8.49,1414.0,118.933,198.0,,,Mass (8-15L),
https://www.cardekho.com/renault/kiger,Renault,Kiger,current,Suv,2025.0,581000.0,1035000.0,5.81,10.35,Petrol,"Manual, Automatic",999.0,999.0,71.0,71.0,96.0,96.0,20.38,,,5.0,6.0,,336.0,205.0,Front,19,4.5,38.0,2026-08-30T05:58:48+00:00,8.08,999.0,71.0,96.0,Petrol,Both,Mass (8-15L),20.38
https://www.cardekho.com/renault/kiger-2021-2023,Renault,Kiger 2021-2023,kiger-2021-2023,Suv,2021.0,584000.0,584000.0,5.84,5.84,,Manual / Automatic,999.0,999.0,71.01,71.01,96.0,96.0,20.5,,,5.0,2.0,,405.0,205.0,Front,0,4.6,3.0,2026-08-30T05:58:49+00:00,5.84,999.0,71.01,96.0,,Both,Entry (<8L),
https://www.cardekho.com/renault/kiger-2023-2025,Renault,Kiger 2023-2025,kiger-2023-2025,Suv,2023.0,615000.0,615000.0,6.15,6.15,,Manual / Automatic,999.0,1199.0,71.0,98.63,96.0,152.0,,,,5.0,2.0,,405.0,205.0,Front,0,4.2,513.0,2026-08-30T05:58:51+00:00,6.15,1099.0,84.815,124.0,,Both,Entry (<8L),
https://www.cardekho.com/renault/triber,Renault,Triber,current,Muv,2025.0,580875.0,868950.0,5.81,8.69,Petrol,"Manual, Automatic",999.0,999.0,71.01,71.01,96.0,96.0,20.0,,,7.0,6.0,,625.0,,Front,7,4.4,64.0,2026-08-30T05:58:52+00:00,7.25,999.0,71.01,96.0,Petrol,Both,Entry (<8L),20.0
https://www.cardekho.com/renault/triber-2019-2025,Renault,Triber 2019-2025,triber-2019-2025,Muv,2019.0,495000.0,495000.0,4.95,4.95,,"5-speed manual, 5-speed AMT",999.0,999.0,71.01,71.01,96.0,96.0,20.0,,,7.0,,,,182.0,Front,0,4.3,1128.0,2026-08-30T05:58:53+00:00,4.95,999.0,71.01,96.0,,Manual,Entry (<8L),
https://www.cardekho.com/rolls-royce/cullinan,Rolls-Royce,Cullinan,current,Suv,2024.0,105000000.0,122500000.0,1050.0,1225.0,Petrol,Automatic,6750.0,6750.0,563.0,563.0,850.0,850.0,6.6,,,5.0,8.0,,,,All,2,4.7,27.0,2026-08-30T05:58:55+00:00,875.0999999999968,6497.12,563.0,850.0,Petrol,Automatic,Luxury (50L+),6.6
https://www.cardekho.com/rolls-royce/ghost-series-ii,Rolls-Royce,Ghost Series II,current,Luxury,2025.0,89500000.0,105200000.0,895.0,1052.0,Petrol,Automatic,6750.0,6750.0,563.0,563.0,820.0,820.0,,,,5.0,6.0,,490.0,,Rear,3,4.9,9.0,2026-08-30T05:58:56+00:00,875.0999999999968,6497.12,563.0,820.0,Petrol,Automatic,Luxury (50L+),
https://www.cardekho.com/skoda/kodiaq,Skoda,Kodiaq,current,Suv,2025.0,3699000.0,4699000.0,36.99,46.99,Petrol,Automatic,1984.0,1984.0,201.0,201.0,320.0,320.0,14.86,,,5.0,9.0,,427.0,,,3,4.5,13.0,2026-08-30T05:59:00+00:00,41.99,1984.0,201.0,320.0,Petrol,Automatic,Premium (25-50L),14.86
https://www.cardekho.com/skoda/kodiaq-2022-2025,Skoda,Kodiaq 2022-2025,kodiaq-2022-2025,Suv,2023.0,3799000.0,3799000.0,37.99,37.99,,,1984.0,1984.0,187.74,187.74,320.0,320.0,13.32,,,7.0,9.0,,,,Four,0,4.2,108.0,2026-08-30T05:59:02+00:00,37.99,1984.0,187.74,320.0,,,Premium (25-50L),
https://www.cardekho.com/skoda/kushaq,Skoda,Kushaq,current,Suv,2026.0,1069000.0,1899000.0,10.69,18.99,Petrol,"Manual, Automatic",999.0,1498.0,114.0,147.51,178.0,250.0,19.76,,,5.0,6.0,,446.0,,Front,11,4.8,12.0,2026-08-30T05:59:04+00:00,14.84,1248.5,130.755,214.0,Petrol,Both,Mass (8-15L),19.76
https://www.cardekho.com/skoda/kushaq-2021-2026,Skoda,Kushaq 2021-2026,kushaq-2021-2026,Suv,2024.0,1066000.0,1066000.0,10.66,10.66,"19.76kmpl (MT), 18.09 kmpl (AT)",6MT/ 6AT,999.0,1498.0,113.98,147.51,178.0,250.0,19.76,,,5.0,6.0,,,,Front,0,4.3,459.0,2026-08-30T05:59:06+00:00,10.66,1248.5,130.745,214.0,,6Mt/ 6At,Mass (8-15L),
https://www.cardekho.com/skoda/kylaq,Skoda,Kylaq,current,Suv,2024.0,759000.0,1299000.0,7.59,12.99,Petrol,"Manual, Automatic",999.0,999.0,114.0,114.0,178.0,178.0,19.68,,,5.0,6.0,5-star NCAP,385.0,189.0,Front,13,4.6,315.0,2026-08-30T05:59:07+00:00,10.29,999.0,114.0,178.0,Petrol,Both,Mass (8-15L),19.68
https://www.cardekho.com/skoda/octavia,Skoda,Octavia,current,Sedan,2021.0,2735000.0,2735000.0,27.35,27.35,Petrol,Automatic,1984.0,1984.0,187.74,187.74,320.0,320.0,15.81,,,5.0,6.0,,580.0,,Front,0,4.2,57.0,2026-08-30T05:59:08+00:00,27.35,1984.0,187.74,320.0,Petrol,Automatic,Premium (25-50L),15.81
https://www.cardekho.com/skoda/octavia-rs,Skoda,Octavia RS,current,Sedan,2025.0,4999001.0,4999001.0,49.99,49.99,Petrol,Automatic,1984.0,1984.0,261.49,261.49,370.0,370.0,,,,5.0,10.0,,600.0,,Front,1,4.8,8.0,2026-08-30T05:59:10+00:00,49.99,1984.0,261.49,370.0,Petrol,Automatic,Premium (25-50L),
https://www.cardekho.com/skoda/superb,Skoda,Superb,current,Sedan,2024.0,5400000.0,5400000.0,54.0,54.0,Petrol,Automatic,1984.0,1984.0,187.74,187.74,320.0,320.0,15.0,,,5.0,9.0,,,,Front,0,4.5,37.0,2026-08-30T05:59:13+00:00,54.0,1984.0,187.74,320.0,Petrol,Automatic,Luxury (50L+),15.0
https://www.cardekho.com/skoda/superb-2020-2023,Skoda,Superb 2020-2023,superb-2020-2023,Sedan,2020.0,3200000.0,3200000.0,32.0,32.0,Petrol,Manual / Automatic,1798.0,1984.0,187.74,187.74,320.0,320.0,15.1,,,,,,,,Front,0,4.2,72.0,2026-08-30T05:59:14+00:00,32.0,1891.0,187.74,320.0,Petrol,Both,Premium (25-50L),15.1
https://www.cardekho.com/skoda/superb-2026,Skoda,Superb 2026,superb-2026,Sedan,2026.0,5000000.0,5000000.0,50.0,50.0,Diesel,Automatic,1968.0,1968.0,148.0,148.0,360.0,360.0,,,,,10.0,,,,Front,0,5.0,1.0,2026-08-30T05:59:15+00:00,50.0,1968.0,148.0,360.0,Diesel,Automatic,Luxury (50L+),
https://www.cardekho.com/strom-motors/r3,Strom Motors,R3,current,Hatchback,2021.0,450000.0,450000.0,4.5,4.5,Electric,Automatic,,,20.11,20.11,,,,200.0,30.0,2.0,,,300.0,,Rear,1,3.7,17.0,2026-08-30T06:41:27+00:00,4.5,,20.11,,Electric,Automatic,Entry (<8L),
https://www.cardekho.com/tata/altroz,Tata,Altroz,current,Hatchback,2025.0,629990.0,1076990.0,6.3,10.77,"Petrol, CNG, Diesel","Manual, Automatic",1199.0,1497.0,86.79,88.76,115.0,200.0,,,,5.0,6.0,5-star NCAP,345.0,165.0,Front,27,4.7,119.0,2026-08-30T05:59:18+00:00,8.535,1348.0,87.775,157.5,CNG,Both,Mass (8-15L),
https://www.cardekho.com/tata/avinya-x,Tata,Avinya X,current,Suv,2027.0,4500000.0,4500000.0,45.0,45.0,,Automatic,,,,,,,,,,5.0,,,,,,0,4.8,56.0,2026-08-30T05:59:21+00:00,45.0,,,,,Automatic,Premium (25-50L),
https://www.cardekho.com/tata/curvv,Tata,Curvv,current,Suv,2024.0,975990.0,1915990.0,9.76,19.16,"Petrol, Diesel","Manual, Automatic",1199.0,1497.0,116.0,118.0,170.0,260.0,15.0,,,5.0,6.0,,382.0,208.0,Front,42,4.7,446.0,2026-08-30T05:59:22+00:00,14.46,1348.0,117.0,215.0,Diesel,Both,Mass (8-15L),15.0
https://www.cardekho.com/tata/curvv-ev,Tata,Curvv EV,current,Suv,2026.0,1699000.0,1949000.0,16.99,19.49,Electric,Automatic,,,167.0,167.0,215.0,215.0,,502.0,55.0,5.0,6.0,,500.0,,Front,3,4.7,139.0,2026-08-30T06:41:28+00:00,18.24,,167.0,215.0,Electric,Automatic,Mid (15-25L),
https://www.cardekho.com/tata/harrier,Tata,Harrier,current,Suv,2026.0,1289000.0,2594990.0,12.89,25.95,"Petrol, Diesel","Manual, Automatic",1498.0,1956.0,167.62,167.62,280.0,350.0,,,,5.0,6.0,,680.0,,Front,49,4.6,305.0,2026-08-30T05:59:25+00:00,19.42,1727.0,167.62,315.0,Diesel,Both,Mid (15-25L),
https://www.cardekho.com/tata/harrier-ev,Tata,Harrier EV,current,Suv,2025.0,2169000.0,3043000.0,21.69,30.43,Electric,Automatic,,,238.0,238.0,315.0,315.0,,582.5,70.0,5.0,6.0,,502.0,,Rear,18,4.8,74.0,2026-08-30T06:41:29+00:00,26.060000000000002,,238.0,315.0,Electric,Automatic,Premium (25-50L),
https://www.cardekho.com/tata/nexon,Tata,Nexon,current,Suv,2023.0,739990.0,1429990.0,7.4,14.3,"Petrol, CNG, Diesel","Manual, Automatic",1199.0,1497.0,113.31,118.27,170.0,260.0,24.08,,,5.0,6.0,,382.0,208.0,Front,83,4.6,865.0,2026-08-30T05:59:29+00:00,10.850000000000001,1348.0,115.78999999999999,215.0,CNG,Both,Mass (8-15L),24.08
https://www.cardekho.com/tata/nexon-ev,Tata,Nexon EV,current,Suv,2023.0,1249000.0,1769000.0,12.49,17.69,Electric,Automatic,,,129.0,129.0,215.0,215.0,,382.0,37.5,5.0,6.0,,350.0,190.0,Front,8,4.5,245.0,2026-08-30T06:41:30+00:00,15.09,,129.0,215.0,Electric,Automatic,Mid (15-25L),
https://www.cardekho.com/tata/punch,Tata,Punch,current,Suv,2026.0,569990.0,1066990.0,5.7,10.67,"Petrol, CNG","Manual, Automatic",1199.0,1199.0,87.0,87.0,115.0,115.0,,,,5.0,6.0,5-star NCAP,382.0,193.0,Front,26,4.7,160.0,2026-08-30T05:59:32+00:00,8.185,1199.0,87.0,115.0,CNG,Both,Mass (8-15L),
https://www.cardekho.com/tata/punch-2021-2026,Tata,Punch 2021-2026,punch-2021-2026,Suv,2023.0,559000.0,559000.0,5.59,5.59,20.09 kmpl (MT) /18.8 kmpl (AMT),Manual / Automatic,1199.0,1199.0,72.0,72.0,103.0,103.0,26.99,,,5.0,2.0,,360.0,187.0,Front,0,4.5,1463.0,2026-08-30T05:59:33+00:00,5.59,1199.0,72.0,103.0,,Both,Entry (<8L),
https://www.cardekho.com/tata/punch-ev,Tata,Punch EV,current,Suv,2026.0,969000.0,1279000.0,9.69,12.79,Electric,Automatic,,,87.0,87.0,154.0,154.0,,312.5,35.0,5.0,6.0,,366.0,,Front,6,4.8,43.0,2026-08-30T06:41:31+00:00,11.239999999999998,,87.0,154.0,Electric,Automatic,Mass (8-15L),
https://www.cardekho.com/tata/punch-ev-2024-2026,Tata,Punch EV 2024-2026,punch-ev-2024-2026,Suv,2024.0,999000.0,999000.0,9.99,9.99,,ARAI Range,,,82.0,82.0,114.0,114.0,,,,5.0,6.0,,366.0,,Front,0,4.4,140.0,2026-08-30T05:59:36+00:00,9.99,,82.0,114.0,,Arai Range,Mass (8-15L),
https://www.cardekho.com/tata/tiago,Tata,Tiago,current,Hatchback,2026.0,469990.0,854990.0,4.7,8.55,"Petrol, CNG","Manual, Automatic",1197.0,1199.0,74.46,85.0,96.5,113.0,,,,5.0,6.0,,242.0,,Front,20,4.6,32.0,2026-08-30T05:59:39+00:00,6.625,1198.0,79.72999999999999,104.75,CNG,Both,Entry (<8L),
https://www.cardekho.com/tata/tiago-ev,Tata,Tiago EV,current,Hatchback,2026.0,699000.0,999000.0,6.99,9.99,Electric,Automatic,,,61.0,61.0,110.0,110.0,,255.5,21.6,5.0,6.0,,240.0,,Front,4,4.6,14.0,2026-08-30T06:41:32+00:00,8.49,,61.0,110.0,Electric,Automatic,Mass (8-15L),
https://www.cardekho.com/tata/tiago-ev-2022-2026,Tata,Tiago EV 2022-2026,tiago-ev-2022-2026,Hatchback,2022.0,799000.0,799000.0,7.99,7.99,,ARAI Range,,,60.34,60.34,,,,,,5.0,2.0,,240.0,,Front,0,4.4,302.0,2026-08-30T05:59:42+00:00,7.99,,60.34,,,Arai Range,Entry (<8L),
https://www.cardekho.com/tata/tiago-nrg,Tata,Tiago NRG,current,Hatchback,2021.0,650000.0,650000.0,6.5,6.5,Petrol / CNG,Manual / Automatic,1199.0,1199.0,84.48,84.48,113.0,113.0,26.49,,,5.0,2.0,,,,Front,0,4.2,109.0,2026-08-30T05:59:43+00:00,6.5,1199.0,84.48,113.0,CNG,Both,Entry (<8L),26.49
https://www.cardekho.com/tata/tigor,Tata,Tigor,current,Sedan,2023.0,554990.0,883990.0,5.55,8.84,"Petrol, CNG","Manual, Automatic",1199.0,1199.0,85.0,85.0,113.0,113.0,28.06,,,5.0,2.0,,242.0,,Front,14,4.3,355.0,2026-08-30T05:59:45+00:00,7.195,1199.0,85.0,113.0,CNG,Both,Entry (<8L),28.06
https://www.cardekho.com/tata/tigor-ev,Tata,Tigor EV,current,Sedan,2022.0,1249000.0,1375000.0,12.49,13.75,Electric,Automatic,,,73.75,73.75,170.0,170.0,,315.0,26.0,5.0,2.0,,316.0,172.0,Front,4,4.1,98.0,2026-08-30T06:41:33+00:00,13.120000000000001,,73.75,170.0,Electric,Automatic,Mass (8-15L),
https://www.cardekho.com/tata/xpres,Tata,Xpres,current,Sedan,2026.0,559000.0,649000.0,5.59,6.49,"CNG, Petrol",Manual,1199.0,1199.0,84.82,84.82,113.0,113.0,,,,5.0,2.0,,419.0,,Front,2,4.5,11.0,2026-08-30T05:59:48+00:00,6.04,1199.0,84.82,113.0,CNG,Manual,Entry (<8L),
https://www.cardekho.com/tata/xpres-t-ev,Tata,Xpres T EV,current,Sedan,2026.0,1304000.0,1304000.0,13.04,13.04,Electric,Automatic,,,35.79,35.79,,,,391.0,32.0,5.0,2.0,,293.0,,Front,1,4.8,4.0,2026-08-30T06:41:34+00:00,13.04,,35.79,,Electric,Automatic,Mass (8-15L),
https://www.cardekho.com/tesla/model-y,Tesla,Model Y,current,Suv,2026.0,5089000.0,6199000.0,50.89,61.99,Electric,Automatic,,,201.15,201.15,,,,590.5,71.0,6.0,9.0,,,,All,2,4.6,21.0,2026-08-30T06:41:35+00:00,56.44,,201.15,,Electric,Automatic,Luxury (50L+),
https://www.cardekho.com/toyota/camry,Toyota,Camry,current,Sedan,2025.0,4869000.0,4869000.0,48.69,48.69,Petrol,Automatic,2487.0,2487.0,227.0,227.0,221.0,221.0,25.49,,,5.0,9.0,,,,Front,2,4.8,40.0,2026-08-30T05:59:53+00:00,48.69,2487.0,227.0,221.0,Petrol,Automatic,Premium (25-50L),25.49
https://www.cardekho.com/toyota/camry-2022-2024,Toyota,Camry 2022-2024,camry-2022-2024,Sedan,2023.0,4617000.0,4617000.0,46.17,46.17,Petrol,Automatic,2487.0,2487.0,175.67,175.67,221.0,221.0,16.0,,,5.0,9.0,,,,Front,0,4.3,112.0,2026-08-30T05:59:55+00:00,46.17,2487.0,175.67,221.0,Petrol,Automatic,Premium (25-50L),16.0
https://www.cardekho.com/toyota/fortuner-legender,Toyota,Fortuner Legender,current,Suv,2023.0,4292000.0,4829000.0,42.92,48.29,Diesel,"Manual, Automatic",2755.0,2755.0,201.15,201.15,500.0,500.0,10.52,,,7.0,7.0,,296.0,,Front,3,4.5,238.0,2026-08-30T05:59:57+00:00,45.605000000000004,2755.0,201.15,500.0,Diesel,Both,Premium (25-50L),10.52
https://www.cardekho.com/toyota/glanza,Toyota,Glanza,current,Hatchback,2023.0,673000.0,999000.0,6.73,9.99,"Petrol, CNG","Manual, Automatic",1197.0,1197.0,88.5,88.5,113.0,113.0,30.61,,,5.0,6.0,,318.0,,Front,9,4.4,287.0,2026-08-30T05:59:58+00:00,8.36,1197.0,88.5,113.0,CNG,Both,Mass (8-15L),30.61
https://www.cardekho.com/toyota/hilux,Toyota,Hilux,current,Suv,2026.0,3199000.0,3669000.0,31.99,36.69,Diesel,Automatic,2755.0,2755.0,201.15,201.15,500.0,500.0,,,,5.0,7.0,,,,Rear,3,4.5,1.0,2026-08-30T05:59:59+00:00,34.339999999999996,2755.0,201.15,500.0,Diesel,Automatic,Premium (25-50L),
https://www.cardekho.com/toyota/hyryder,Toyota,Hyryder,current,Suv,2023.0,1131000.0,2030999.0,11.31,20.31,"Petrol, CNG","Manual, Automatic",1462.0,1490.0,91.18,101.64,122.0,136.8,27.97,,,5.0,6.0,,373.0,,Front,25,4.5,439.0,2026-08-30T06:00:02+00:00,15.809999999999999,1476.0,96.41,129.4,CNG,Both,Mid (15-25L),27.97
https://www.cardekho.com/toyota/innova-crysta,Toyota,Innova Crysta,current,Muv,2023.0,1972000.0,2677000.0,19.72,26.77,Diesel,Manual,2393.0,2393.0,147.51,147.51,343.0,343.0,9.0,,,7.0,3.0,,300.0,,Rear,14,4.5,347.0,2026-08-30T06:00:04+00:00,23.244999999999997,2393.0,147.51,343.0,Diesel,Manual,Mid (15-25L),9.0
https://www.cardekho.com/toyota/innova-crysta-2020-2022,Toyota,Innova Crysta 2020-2022,innova-crysta-2020-2022,Muv,2020.0,1809000.0,1809000.0,18.09,18.09,Diesel / Petrol,Manual / Automatic,2393.0,2694.0,148.0,163.6,245.0,343.0,12.0,,,7.0,3.0,,,,Rear,0,4.4,116.0,2026-08-30T06:00:05+00:00,18.09,2543.5,155.8,294.0,Diesel,Both,Mid (15-25L),12.0
https://www.cardekho.com/toyota/innova-hycross,Toyota,Innova Hycross,current,Muv,2023.0,1870000.0,3184000.0,18.7,31.84,Petrol,Automatic,1987.0,1987.0,170.0,170.0,209.0,209.0,23.24,,,7.0,6.0,,300.0,179.0,Front,12,4.4,284.0,2026-08-30T06:00:06+00:00,25.27,1987.0,170.0,209.0,Petrol,Automatic,Premium (25-50L),23.24
https://www.cardekho.com/toyota/land-cruiser-300,Toyota,Land Cruiser 300,current,Suv,2025.0,21775000.0,22493300.0,217.75,224.93,Diesel,Automatic,3346.0,3346.0,304.41,304.41,700.0,700.0,11.0,,,5.0,10.0,,541.0,,Four,2,4.6,111.0,2026-08-30T06:00:08+00:00,221.34,3346.0,304.41,700.0,Diesel,Automatic,Luxury (50L+),11.0
https://www.cardekho.com/toyota/taisor,Toyota,Taisor,current,Suv,2024.0,743000.0,1294000.0,7.43,12.94,"Petrol, CNG","Manual, Automatic",998.0,1197.0,88.5,98.69,113.0,147.6,28.5,,,5.0,6.0,,308.0,,Front,12,4.4,102.0,2026-08-30T06:00:11+00:00,10.184999999999999,1097.5,93.595,130.3,CNG,Both,Mass (8-15L),28.5
https://www.cardekho.com/toyota/urban-cruiser,Toyota,Urban cruiser,current,Suv,2020.0,903000.0,903000.0,9.03,9.03,Petrol,Manual / Automatic,1462.0,1462.0,103.26,103.26,138.0,138.0,18.76,,,5.0,2.0,,,,,0,3.7,104.0,2026-08-30T06:00:12+00:00,9.03,1462.0,103.26,138.0,Petrol,Both,Mass (8-15L),18.76
https://www.cardekho.com/toyota/urban-cruiser-ebella,Toyota,Urban Cruiser EBELLA,current,Suv,2026.0,2360000.0,2360000.0,23.6,23.6,Electric,Automatic,,,144.0,144.0,193.0,193.0,,543.0,61.0,5.0,7.0,5-star NCAP,500.0,,Front,1,4.3,1.0,2026-08-30T06:41:36+00:00,23.6,,144.0,193.0,Electric,Automatic,Mid (15-25L),
https://www.cardekho.com/toyota/vellfire,Toyota,Vellfire,current,Muv,2023.0,11999000.0,12999000.0,119.99,129.99,Petrol,Automatic,2487.0,2487.0,190.42,190.42,240.0,240.0,16.0,,,7.0,6.0,,148.0,,All,2,4.6,52.0,2026-08-30T06:00:15+00:00,124.99000000000001,2487.0,190.42,240.0,Petrol,Automatic,Luxury (50L+),16.0
https://www.cardekho.com/toyota/vellfire-2019-2023,Toyota,Vellfire 2019-2023,vellfire-2019-2023,Muv,2023.0,9655000.0,9655000.0,96.55,96.55,Petrol,Automatic,2494.0,2494.0,115.32,115.32,198.0,198.0,16.35,,,7.0,7.0,,,,Four,0,4.4,53.0,2026-08-30T06:00:16+00:00,96.55,2494.0,115.32,198.0,Petrol,Automatic,Luxury (50L+),16.35
https://www.cardekho.com/vayve-mobility/eva,Vayve Mobility,Eva,current,Hatchback,2025.0,399000.0,599000.0,3.99,5.99,Electric,Automatic,,,16.0,16.0,,,,187.5,18.0,3.0,1.0,,,,Rear,3,4.6,85.0,2026-08-30T06:41:37+00:00,4.99,,16.369899999999998,,Electric,Automatic,Entry (<8L),
https://www.cardekho.com/vinfast/vf6,VinFast,VF6,current,Suv,2025.0,1819000.0,2009000.0,18.19,20.09,Electric,Automatic,,,201.0,201.0,310.0,310.0,,465.5,59.6,5.0,7.0,,423.0,,Front,3,4.5,10.0,2026-08-30T06:41:39+00:00,19.14,,201.0,310.0,Electric,Automatic,Mid (15-25L),
https://www.cardekho.com/vinfast/vf7,VinFast,VF7,current,Suv,2025.0,2299000.0,2809000.0,22.99,28.09,Electric,Automatic,,,354.0,354.0,500.0,500.0,,485.0,64.8,5.0,7.0,,537.0,,Front,5,4.4,10.0,2026-08-30T06:41:40+00:00,25.54,,354.0,500.0,Electric,Automatic,Premium (25-50L),
https://www.cardekho.com/volkswagen/golf-gti,Volkswagen,Golf GTI,current,Hatchback,2025.0,5090900.0,5090900.0,50.91,50.91,Petrol,Automatic,1984.0,1984.0,261.0,261.0,370.0,370.0,,,,5.0,7.0,,380.0,,Front,1,4.6,13.0,2026-08-30T06:00:23+00:00,50.91,1984.0,261.0,370.0,Petrol,Automatic,Luxury (50L+),
https://www.cardekho.com/volkswagen/polo,Volkswagen,Polo,current,Hatchback,2020.0,583000.0,583000.0,5.83,5.83,Petrol / Diesel,Manual / Automatic,999.0,1498.0,75.1,103.25,95.0,230.0,21.49,,,5.0,2.0,,,,Front,0,4.3,216.0,2026-08-30T06:00:24+00:00,5.83,1248.5,89.175,162.5,Diesel,Both,Entry (<8L),21.49
https://www.cardekho.com/volkswagen/t-roc,Volkswagen,T-Roc,current,Suv,2019.0,2135000.0,2135000.0,21.35,21.35,,,1498.0,1498.0,147.94,147.94,250.0,250.0,18.4,,,5.0,6.0,,,,Front,0,3.9,27.0,2026-08-30T06:00:27+00:00,21.35,1498.0,147.94,250.0,,,Mid (15-25L),
https://www.cardekho.com/volkswagen/taigun,Volkswagen,Taigun,current,Suv,2026.0,1099900.0,1929900.0,11.0,19.3,Petrol,"Manual, Automatic",999.0,1498.0,114.0,148.0,178.0,250.0,19.98,,,5.0,6.0,5-star NCAP,385.0,,Front,11,4.4,9.0,2026-08-30T06:00:29+00:00,15.15,1248.5,131.0,214.0,Petrol,Both,Mid (15-25L),19.98
https://www.cardekho.com/volkswagen/taigun-2021-2026,Volkswagen,Taigun 2021-2026,taigun-2021-2026,Suv,2024.0,1142000.0,1142000.0,11.42,11.42,"19.2 kmpl (MT), 17.23 kmpl (AT)","6-MT, 6-AT",999.0,1498.0,114.0,147.51,178.0,250.0,20.08,,,5.0,6.0,,,188.0,Front,0,4.3,253.0,2026-08-30T06:00:30+00:00,11.42,1248.5,130.755,214.0,,6-Mt,Mass (8-15L),
https://www.cardekho.com/volkswagen/tayron,Volkswagen,Tayron,current,Suv,2026.0,4199000.0,4774000.0,41.99,47.74,Petrol,Automatic,1984.0,1984.0,201.2,201.2,320.0,320.0,,,,5.0,9.0,,786.0,,All,2,4.7,4.0,2026-08-30T06:00:32+00:00,44.865,1984.0,201.2,320.0,Petrol,Automatic,Premium (25-50L),
https://www.cardekho.com/volkswagen/tiguan,Volkswagen,Tiguan,current,Suv,2023.0,3350000.0,3350000.0,33.5,33.5,,,1984.0,1984.0,187.74,187.74,320.0,320.0,12.65,,,5.0,6.0,,,,All,0,4.2,92.0,2026-08-30T06:00:33+00:00,33.5,1984.0,187.74,320.0,,,Premium (25-50L),
https://www.cardekho.com/volkswagen/tiguan-r-line,Volkswagen,Tiguan R-Line,current,Suv,2025.0,4711013.0,4711013.0,47.11,47.11,Petrol,Automatic,1984.0,1984.0,201.0,201.0,320.0,320.0,12.58,,,5.0,9.0,,500.0,176.0,All,1,4.5,2.0,2026-08-30T06:00:35+00:00,47.11,1984.0,201.0,320.0,Petrol,Automatic,Premium (25-50L),12.58
https://www.cardekho.com/volkswagen/vento,Volkswagen,Vento,current,Sedan,2020.0,869000.0,869000.0,8.69,8.69,Petrol / Diesel,Manual / Automatic,999.0,1598.0,103.2,108.62,153.0,250.0,22.27,,,5.0,2.0,,,,Front,0,4.5,103.0,2026-08-30T06:00:36+00:00,8.69,1298.5,105.91,201.5,Diesel,Both,Mass (8-15L),22.27
https://www.cardekho.com/volkswagen/virtus,Volkswagen,Virtus,current,Sedan,2023.0,1049900.0,1919900.0,10.5,19.2,Petrol,"Manual, Automatic",999.0,1498.0,113.98,147.51,178.0,250.0,20.8,,,5.0,6.0,,521.0,179.0,Front,12,4.5,479.0,2026-08-30T06:00:38+00:00,14.85,1248.5,130.745,214.0,Petrol,Both,Mass (8-15L),20.8
https://www.cardekho.com/volvo/ec40,Volvo,EC40,current,Suv,2023.0,5900000.0,5900000.0,59.0,59.0,Electric,Automatic,,,402.3,402.3,,,,530.0,78.0,5.0,7.0,,413.0,,All,1,4.8,4.0,2026-08-30T06:41:41+00:00,59.0,,402.3,,Electric,Automatic,Luxury (50L+),
https://www.cardekho.com/volvo/ex30,Volvo,EX30,current,Suv,2025.0,4100000.0,4100000.0,41.0,41.0,Electric,Automatic,,,272.0,272.0,343.0,343.0,,480.0,69.0,5.0,6.0,,400.0,,Rear,1,4.3,4.0,2026-08-30T06:41:42+00:00,41.0,,272.0,343.0,Electric,Automatic,Premium (25-50L),
https://www.cardekho.com/volvo/ex40,Volvo,EX40,current,Suv,2024.0,4900000.0,4900000.0,49.0,49.0,Electric,Automatic,,,237.99,237.99,,,,592.0,78.0,5.0,7.0,,414.0,175.0,All,1,4.2,53.0,2026-08-30T06:41:43+00:00,49.0,,237.99,,Electric,Automatic,Premium (25-50L),
https://www.cardekho.com/volvo/xc60,Volvo,XC60,current,Suv,2025.0,6890000.0,6890000.0,68.9,68.9,Petrol,Automatic,1969.0,1969.0,250.0,250.0,360.0,360.0,,,,5.0,6.0,,,230.0,All,1,4.8,4.0,2026-08-30T06:00:45+00:00,68.9,1969.0,250.0,360.0,Petrol,Automatic,Luxury (50L+),
https://www.cardekho.com/volvo/xc90,Volvo,XC90,current,Suv,2025.0,9780000.0,9780000.0,97.8,97.8,Petrol,Automatic,1969.0,1969.0,247.0,247.0,360.0,360.0,12.35,,,7.0,7.0,,680.0,238.0,All,1,4.8,11.0,2026-08-30T06:00:46+00:00,97.8,1969.0,247.0,360.0,Petrol,Automatic,Luxury (50L+),12.35
